Customer ID,Satisfaction Score
1746-TGTWV,
8499-BRXTD,3.0
2041-JIJCI,
5832-EXGTT,2.0
8350-NYMVI,2.0
7284-BUYEC,1.0
3458-IDMFK,2.0
3709-OIJEA,
5066-GFJMM,2.0
3006-XIMLN,2.0
6648-INWPS,1.0
3196-NVXLZ,1.0
4450-MDZFX,2.0
1730-VFMWO,1.0
7037-MTYVW,
6463-HHXJR,2.0
9450-TRJUU,2.0
6718-BDGHG,3.0
4981-FLTMF,2.0
3522-CDKHF,2.0
9351-LZYGF,1.0
8443-WVPSS,1.0
9540-JYROE,1.0
4615-PIVVU,1.0
7401-RUBNK,1.0
5701-GUXDC,1.0
9609-BENEA,2.0
1723-HKXJQ,2.0
0479-HMSWA,1.0
0027-KWYKW,1.0
7750-EYXWZ,1.0
2014-MKGMH,
3146-MSEGF,
3200-MNQTF,1.0
7929-DMBCV,2.0
3336-JORSO,2.0
3580-REOAC,1.0
5614-DNZCE,1.0
1845-CSBRZ,2.0
4334-HOWRP,
2550-AEVRU,
4906-ZHGPK,2.0
7207-RMRDB,3.0
1591-XWLGB,1.0
2424-WVHPL,3.0
4342-HFXWS,1.0
1866-NXPSP,
2135-DQWAQ,3.0
8207-VVMYB,3.0
7469-LKBCI,1.0
5792-JALQC,2.0
0570-BFQHT,1.0
8800-JOOCF,1.0
1023-BQXZE,2.0
7596-IIWYC,1.0
5590-YRFJT,
4078-SAYYN,2.0
2884-GBPFB,1.0
0475-RIJEP,1.0
4355-CVPVS,1.0
8883-GRDWQ,1.0
2446-PLQVO,3.0
1657-DYMBM,1.0
1342-JPNKI,1.0
1618-CFHME,
5130-IEKQT,3.0
0848-ZGQIJ,3.0
6674-KVJHG,
1090-ESELR,2.0
5286-YHCVC,1.0
4163-KIUHY,2.0
2212-LYASK,1.0
9823-EALYC,
5889-JTMUL,1.0
2165-VOEGB,3.0
2612-PHGOX,2.0
9227-YBAXE,1.0
7134-MJPDY,1.0
7126-RBHSD,3.0
7853-OETYL,1.0
6242-MBHPK,1.0
6619-RPLQZ,2.0
5982-FPVQN,1.0
5244-IRFIH,
8922-LIEGH,1.0
2868-SNELZ,3.0
3841-CONLJ,1.0
2229-VWQJH,1.0
7801-KICAO,3.0
0196-JTUQI,2.0
7124-UGSUR,2.0
7605-BDWDC,1.0
0014-BMAQU,
7248-VZQLC,2.0
4316-XCSLJ,1.0
4713-LZDRV,1.0
3780-YVMFA,2.0
4781-ZXYGU,3.0
7572-KPVKK,2.0
7398-LXGYX,1.0
9128-CPXKI,1.0
5081-NWSUP,1.0
7594-LZNWR,
9122-UMROB,2.0
6557-BZXLQ,2.0
4727-MCYZG,3.0
0661-KBKPA,1.0
1544-JJMYL,1.0
6178-KFNHS,1.0
0480-BIXDE,3.0
6797-UCJHZ,3.0
4791-QRGMF,1.0
1535-VTJOQ,2.0
8241-JUIQO,2.0
6954-OOYZZ,1.0
7136-RVDTZ,
9693-XMUOB,3.0
2455-USLMV,3.0
9824-QCJPK,3.0
2075-PUEPR,3.0
4450-YOOHP,1.0
3012-VFFMN,3.0
6077-BDPXA,
4821-WQOYN,2.0
9786-YWNHU,1.0
4177-JPDFU,1.0
1101-SSWAG,2.0
7609-YBPXG,1.0
0282-NVSJS,3.0
1478-VPOAD,3.0
6807-SIWJI,3.0
1157-BQCUW,2.0
5364-XYIRR,2.0
5117-IFGPS,1.0
4816-LXZYW,3.0
3411-WLRSQ,3.0
1335-MXCSE,3.0
8024-XNAFQ,1.0
6519-ZHPXP,1.0
4979-HPRFL,2.0
5419-KLXBN,1.0
4104-PVRPS,3.0
5032-USPKF,3.0
2777-PHDEI,2.0
7921-BEPCI,2.0
2115-BFTIW,1.0
8199-ZLLSA,2.0
3134-DSHVC,1.0
3677-TNKIO,2.0
0774-IFUVM,
9948-YPTDG,1.0
1150-WFARN,
7748-UMTRK,3.0
6007-TCTST,1.0
6897-RWMUB,1.0
7852-LECYP,1.0
6308-CQRBU,1.0
1116-DXXDF,
3982-JGSFD,1.0
0594-UFTUL,1.0
1088-CNNKB,1.0
5440-VHLUL,1.0
9541-PWTWO,3.0
8564-LDKFL,1.0
2815-CPTUL,3.0
5808-TOTXO,1.0
2388-LAESQ,1.0
6925-BAYGL,3.0
9938-EKRGF,3.0
0111-KLBQG,1.0
6898-MDLZW,2.0
2982-IHMFT,1.0
6407-UTSLV,1.0
8039-EQPIM,3.0
4226-KKDON,
4124-MMETB,3.0
6994-KERXL,1.0
1501-SGHBW,1.0
1422-DGUBX,3.0
2275-RBYQS,3.0
4703-MQYKT,1.0
7551-DACSP,3.0
2302-OUZXB,1.0
6784-XYJAE,3.0
5176-OLSKT,1.0
9626-VFRGG,1.0
7883-ROJOC,1.0
2085-JVGAD,1.0
7593-JNWRU,1.0
7270-BDIOA,2.0
1047-NNCBF,2.0
5062-CJJKH,1.0
6645-MXQJT,3.0
4702-HDRKD,
1430-SFQSA,2.0
0582-AVCLN,3.0
9971-ZWPBF,1.0
8421-WZOOW,
0495-ZBNGW,1.0
8200-KLNYW,3.0
6584-VQMYT,1.0
5843-TTHGI,3.0
3729-OWRVL,2.0
2957-LOLHO,3.0
6339-DKLMK,1.0
1135-LMECX,1.0
7180-PISOG,1.0
3137-LUPIX,1.0
6952-OMNWB,2.0
4302-ZYFEL,1.0
4077-CROMM,2.0
1596-BBVTG,1.0
7217-JYHOQ,1.0
6086-ESGRL,3.0
1469-LBJQJ,1.0
8755-OGKNA,3.0
5501-TVMGM,1.0
4182-BGSIQ,3.0
3128-YOVTD,1.0
3061-BCKYI,1.0
3211-AAPKX,1.0
2778-OCLGR,2.0
7439-DKZTW,3.0
0354-WYROK,1.0
3778-FOAQW,2.0
7766-CLTIC,2.0
6595-YGXIT,1.0
3889-VWBID,1.0
3976-NLDEZ,3.0
3181-MIZBN,2.0
7602-MVRMB,2.0
0396-UKGAI,3.0
2482-CZGBB,2.0
2607-DHDAK,2.0
7017-VFULY,1.0
7032-LMBHI,1.0
5707-ORNDZ,1.0
6365-HITVU,2.0
8626-PTQGE,
4598-ZADCK,1.0
0942-KOWSM,
0214-JHPFW,2.0
4614-NUVZD,1.0
4090-KPJIP,1.0
6609-MXJHJ,2.0
1597-FZREH,2.0
2657-VPXTA,3.0
1952-DVVSW,2.0
2685-SREOM,1.0
2007-QVGAW,2.0
1583-IHQZE,2.0
2696-NARTR,1.0
1472-TNCWL,2.0
1897-RCFUM,3.0
7321-ZNSLA,2.0
8016-ZMGMO,3.0
2869-ADAWR,1.0
5472-CVMDX,2.0
6862-CQUMB,2.0
0932-YIXYU,1.0
4299-OPXEJ,2.0
4441-NIHPT,1.0
3363-DTIVD,1.0
8865-TNMNX,1.0
6214-EDAKZ,3.0
0402-CQAJN,1.0
0657-DOGUM,1.0
4378-BZYFP,1.0
2359-KMGLI,
0795-GMVQO,3.0
9821-POOTN,1.0
3736-BLEPA,3.0
7682-AZNDK,
8404-VIOMB,1.0
1724-BQUHA,1.0
1763-KUAAW,1.0
1447-PJGGA,3.0
2386-OWURY,1.0
7716-YTYHG,
4430-YHXGG,3.0
5693-PIPCS,1.0
1240-KNSEZ,1.0
7966-YOTQW,1.0
6051-PTVNS,1.0
5144-PQCDZ,1.0
4672-FOTSD,3.0
3078-ZKNTS,
5647-URDKA,1.0
6650-VJONK,1.0
7508-KBIMB,2.0
5839-SUYVZ,3.0
3055-MJDSB,1.0
0813-TAXXS,1.0
8073-IJDCM,3.0
8915-NNTRC,1.0
3173-WSSUE,2.0
5553-AOINX,1.0
0691-NIKRI,
6432-TWQLB,
5208-FVQKB,1.0
6295-OSINB,1.0
1814-WFGVS,2.0
4236-UJPWO,1.0
8473-VUVJN,3.0
1452-UZOSF,3.0
0118-JPNOY,1.0
7801-CEDNV,3.0
8593-WHYHV,2.0
7874-ECPQJ,3.0
7021-XSNYE,1.0
7184-LRUUR,1.0
1482-OXZSY,1.0
6173-GOLSU,2.0
3589-PPVKW,1.0
2957-JIRMN,
5480-TBGPH,3.0
5018-HEKFO,1.0
9019-QVLZD,1.0
8149-AIQCG,1.0
6147-CBCRA,3.0
5073-RZGBK,1.0
8992-CEUEN,1.0
5174-ITUMV,3.0
2495-INZWQ,1.0
7088-FBAWU,1.0
9046-DQMTP,1.0
1891-QRQSA,
7470-DYNOE,3.0
3590-TCXTB,1.0
9412-GHEEC,2.0
2725-KXXWT,1.0
9839-ETQOE,1.0
2027-DNKIV,1.0
2017-CCBLH,2.0
3768-NLUBH,1.0
7394-FKDNK,3.0
9076-AXYIK,1.0
3164-YAXFY,1.0
5756-OZRIO,3.0
0496-AHOOK,
9357-UJRUN,2.0
2002-MZHWP,2.0
8660-BUETV,2.0
0495-RVCBF,3.0
4971-PUYQO,1.0
5539-HIVAK,
0853-TWRVK,1.0
7541-YLXCL,
5914-XRFQB,2.0
3761-FLYZI,3.0
4774-HHGGS,
2640-PMGFL,3.0
9717-QEBGU,1.0
1539-LNKHM,1.0
2012-NWRPA,1.0
4673-KKSLS,3.0
9629-NHXFW,
1971-DTCZB,1.0
1171-TYKUR,1.0
3870-MQAMG,1.0
5133-POWUA,2.0
4832-VRBMR,1.0
2408-TZMJL,2.0
0866-QLSIR,2.0
5947-SGKCL,
8739-QOTTN,1.0
3126-WQMGH,3.0
6465-GSRCL,1.0
0322-CHQRU,1.0
6953-PBDIN,1.0
3756-VNWDH,2.0
3537-RYBHH,1.0
4273-MBHYA,1.0
9907-SWKKF,1.0
3683-QKIUE,3.0
7020-OZKXZ,1.0
9259-PACGQ,1.0
6475-VHUIZ,1.0
2873-ZLIWT,2.0
6518-LGAOV,
4822-YCXMX,1.0
4955-VCWBI,1.0
0366-NQSHS,
1075-BGWOH,1.0
9492-TOKRI,3.0
9033-EOXWV,1.0
7621-VPNET,3.0
7916-VCCPB,2.0
2460-NGXBJ,3.0
2589-AYCRP,3.0
8591-TKMZH,2.0
3068-OMWZA,
5996-EBTKM,3.0
6050-FFXES,1.0
3174-AKMAS,1.0
8123-QBNAZ,2.0
3545-CNWRG,
9103-CXVOK,2.0
2239-CFOUJ,1.0
3023-GFLBR,2.0
6286-ZHAOK,2.0
1589-AGTLK,
0958-YHXGP,
2080-SRCDE,3.0
9993-LHIEB,3.0
6993-YCOBK,2.0
4927-WWOOZ,
9150-KPBJQ,2.0
5895-QSXOD,1.0
6859-QNXIQ,1.0
0347-UBKUZ,
9355-NPPFS,2.0
2495-KZNFB,3.0
4683-WYDOU,3.0
3387-PLKUI,1.0
6348-SNFUS,
5687-DKDTV,
0584-BJQGZ,2.0
0508-OOLTO,4.0
1024-GUALD,5.0
5039-LZRQT,3.0
8250-ZNGGW,
7216-KAOID,4.0
2996-XAUVF,3.0
9356-AXGMP,4.0
8590-YFFQO,4.0
6923-AQONU,5.0
5204-HMGYF,3.0
9819-FBNSV,3.0
5855-EIBDE,4.0
7295-JOMMD,4.0
1704-NRWYE,
7026-YMSBE,3.0
0564-JJHGS,3.0
7369-TRPFD,3.0
9026-LHEVG,4.0
3486-NPGST,3.0
3207-OYBWH,
8280-MQRQN,
6656-JWRQX,
9305-CDSKC,5.0
5519-NPHVG,5.0
4456-RHSNB,4.0
4488-PSYCG,3.0
5981-ZVXOT,3.0
2252-JHJGE,
1098-KFQEC,3.0
6702-OHFWR,4.0
1409-PHXTF,3.0
0486-LGCCH,4.0
5777-ZPQNC,3.0
6425-JWTDV,3.0
7563-BIUPC,4.0
3992-YWPKO,3.0
0374-AACSZ,3.0
9800-ONTFE,3.0
3230-IUALN,5.0
6516-NKQBO,3.0
4130-MZLCC,3.0
7971-HLVXI,4.0
7493-TPUWZ,5.0
2346-DJQTB,4.0
9025-ZRPVR,3.0
4390-KYULV,5.0
7089-RKVSZ,3.0
1964-SVLEA,4.0
0019-EFAEP,3.0
6016-LVTJQ,3.0
3757-NJYBX,3.0
4020-KIUDI,
9508-ILZDG,
9548-LIGTA,5.0
5232-NXPAY,4.0
2691-NZETQ,3.0
2716-GFZOR,3.0
2348-KCJLT,3.0
3399-BMLVW,3.0
4584-LBNMK,4.0
2636-ALXXZ,4.0
8464-EETCQ,4.0
2274-XUATA,3.0
4919-MOAVT,5.0
9220-ZNKJI,3.0
2108-GLPQB,
0601-WZHJF,5.0
7471-MQPOS,3.0
9185-TQCVP,5.0
4396-KLSEH,3.0
3108-PCCGG,3.0
5099-BAILX,4.0
2929-ERCFZ,4.0
6260-XLACS,4.0
5173-WXOQV,4.0
8727-JQFHV,5.0
2253-KPMNB,
7786-WBJYI,3.0
6369-MCAKO,3.0
9732-KPKBW,5.0
5307-UVGNB,4.0
4097-YODCF,4.0
6804-GDMOI,
1251-KRREG,3.0
8512-WIWYV,4.0
8133-ANHHJ,5.0
0916-KNFAJ,3.0
1346-UFHAX,3.0
3398-FSHON,3.0
8097-OMULG,5.0
8749-TZYEC,3.0
3859-CVCET,3.0
7096-ZNBZI,3.0
2886-KEFUM,3.0
7137-RYLPP,3.0
2560-WBWXF,5.0
5451-YHYPW,
9544-PYPSJ,3.0
3946-MHCZW,3.0
6603-QWSPR,4.0
8481-YYXWG,4.0
3317-VLGQT,4.0
7975-JMZNT,3.0
3945-GFWQL,
8455-HIRAQ,3.0
5673-TIYIB,5.0
4238-JSSWH,4.0
3070-FNFZQ,3.0
2466-FCCPT,3.0
1843-TLSGD,5.0
8919-FYFQZ,3.0
4482-FTFFX,3.0
7580-UGXNC,3.0
5494-WOZRZ,3.0
1866-RZZQS,4.0
2040-VZIKE,4.0
2180-DXNEG,4.0
2039-JONDJ,3.0
3466-RITXD,4.0
9992-UJOEL,5.0
4817-KEQSP,5.0
1960-UYCNN,3.0
7641-EUYET,3.0
0123-CRBRT,5.0
4929-BSTRX,5.0
2792-VPPET,3.0
9513-DXHDA,
7758-UJWYS,
0595-ITUDF,
1982-FEBTD,
7739-LAXOG,5.0
6161-ERDGD,4.0
3058-WQDRE,4.0
4967-WPNCF,3.0
5948-UJZLF,4.0
3088-LHEFH,4.0
1785-BPHTP,3.0
2833-SLKDQ,3.0
2296-DKZFP,4.0
1754-GKYPY,5.0
7504-UWHNB,4.0
4915-BFSXL,5.0
0060-FUALY,
7330-WZLNC,5.0
9667-EQRXU,
8993-PHFWD,3.0
8065-BVEPF,5.0
6075-QMNRR,3.0
2969-QWUBZ,5.0
9700-ZCLOT,3.0
3249-ZPQRG,
9163-GHAYE,5.0
5146-YYFRZ,4.0
6035-RIIOM,3.0
5360-LJCNJ,3.0
3705-RHRFR,5.0
8148-WOCMK,5.0
6233-HXJMX,5.0
4636-QRJKY,3.0
4184-VODJZ,
8265-HKSOW,4.0
2860-RANUS,
2154-KVJFF,3.0
2840-XANRC,3.0
4825-XJGDM,
7145-FEJWU,5.0
4690-PKDQG,3.0
9644-UMGQA,
3453-RTHJQ,4.0
4902-OHLSK,3.0
9646-NMHXE,4.0
1307-ATKGB,4.0
9419-IPPBE,
3552-CTCYF,3.0
4328-VUFWD,
8180-AKMJV,4.0
8409-WQJUX,3.0
1732-VHUBQ,3.0
4062-HBMOS,3.0
0916-QOFDP,4.0
1729-VLAZJ,5.0
6439-PKTRR,4.0
3027-YNWZU,5.0
5940-AHUHD,3.0
5734-EJKXG,3.0
5906-CVLHP,4.0
0730-KOAVE,3.0
5999-LCXAO,5.0
9851-KIELU,4.0
0369-ZGOVK,4.0
4908-XAXAY,4.0
4597-ELFTS,
4203-QGNZA,
3508-VLHCZ,3.0
3374-PZLXD,4.0
2055-SIFSS,4.0
3315-TOTBP,3.0
4986-MXSFP,4.0
0577-WHMEV,3.0
5922-ABDVO,3.0
9891-NQDBD,
8853-TZDGH,4.0
0074-HDKDG,4.0
7526-IVLYU,3.0
7693-LCKZL,5.0
6712-OAWRH,
1357-BIJKI,4.0
3583-KRKMD,3.0
7322-OCWHC,
8734-FNWVH,4.0
5371-VYLSX,
1852-XEMDW,3.0
0297-RBCSG,4.0
4007-NHVHI,4.0
8397-MVTAZ,5.0
2809-ZMYOQ,3.0
8053-WWDRO,3.0
8305-VHZBZ,
9184-GALIL,3.0
1936-UAFEH,3.0
3156-QLHBO,4.0
8008-HAWED,5.0
1273-MTETI,3.0
8806-EAGWC,3.0
0620-XEFWH,3.0
9495-SKLKD,
0524-IAVZO,3.0
5928-QLDHB,
3705-PSNGL,3.0
7036-TYDEC,5.0
7742-MYPGI,5.0
0607-DAAHE,5.0
6869-FGJJC,4.0
0670-ANMUU,4.0
0508-SQWPL,4.0
4213-HKBJO,5.0
5129-HHMZC,3.0
8065-QBYTO,4.0
4057-FKCZK,4.0
9871-ELEYA,3.0
1735-XMJVH,5.0
0679-IDSTG,5.0
3644-QXEHN,4.0
5944-UGLLK,3.0
0257-KXZGU,3.0
2675-OTVVJ,3.0
3424-NMNBO,4.0
5130-YPIRV,4.0
1985-MBRYP,3.0
2276-YDAVZ,5.0
5788-YPOEG,4.0
3191-CSNMG,4.0
6402-SSEJG,5.0
2429-AYKKO,3.0
2900-PHPLN,4.0
1818-ESQMW,3.0
1131-ALZWV,5.0
1104-TNLZA,
7781-HVGMK,4.0
2983-ZANRP,4.0
6680-NENYN,5.0
4803-AXVYP,3.0
8225-BTJAU,5.0
6121-TNHBO,
2664-XJZNO,5.0
7175-NTIXE,3.0
4815-YOSUK,3.0
7197-VOJMM,
9588-OZDMQ,3.0
5339-PXDVH,4.0
3847-BAERP,4.0
6260-ONULR,4.0
3669-WHAFY,4.0
0871-URUWO,3.0
1731-TVIUK,
8246-SHFGA,3.0
6141-OOXUQ,4.0
7446-YPODE,3.0
6365-MTGZX,4.0
2254-DLXRI,4.0
5505-OVWQW,3.0
4538-WNTMJ,3.0
7191-ADRGF,4.0
8028-PNXHQ,3.0
2740-JFBOK,
9840-DVNDC,
3755-JBMNH,4.0
5692-FPTAH,3.0
5567-WSELE,3.0
6067-NGCEU,3.0
4568-TTZRT,3.0
1699-UOTXU,4.0
1045-LTCYT,3.0
4054-CUMIA,3.0
3769-MHZNV,4.0
0096-FCPUF,3.0
8034-RYTVV,5.0
9029-FEGVJ,4.0
2504-DSHIH,
7028-DVOIQ,
8164-OCKUJ,3.0
1755-RMCXH,
4829-AUOAX,4.0
5469-NUJUR,3.0
2239-JALAW,5.0
4369-NYSCF,4.0
1222-KJNZD,3.0
9314-QDMDW,4.0
9758-MFWGD,3.0
2097-YVPKN,3.0
0562-HKHML,3.0
4116-TZAQJ,
0970-QXPXW,3.0
5227-JSCFE,3.0
1981-INRFU,5.0
6425-YQLLO,5.0
8809-XKHMD,3.0
2150-UWTFY,3.0
0323-XWWTN,
5214-CHIWJ,4.0
6532-YLWSI,4.0
3070-DVEYC,5.0
7010-ZMVBF,4.0
6418-HNFED,
5850-BDWCY,4.0
6114-TCFID,3.0
3896-RCYYE,5.0
5781-RFZRP,4.0
8676-OOQEJ,4.0
0862-PRCBS,3.0
9514-JDSKI,4.0
1986-PHGZF,
9172-ANCRX,3.0
7486-KSRVI,3.0
7657-DYEPJ,5.0
9940-RHLFB,4.0
9258-CNWAC,3.0
7064-FRRSW,3.0
0376-OIWME,4.0
8896-BQTTI,4.0
0835-DUUIQ,
5349-AZPEW,4.0
5423-BHIXO,5.0
2821-WARNZ,3.0
6158-HDPXZ,4.0
0058-EVZWM,
5141-ZUVBH,3.0
8800-ZKRFW,3.0
7672-VFMXZ,4.0
9530-EHPOH,4.0
3956-MGXOG,
3295-YVUSR,3.0
0856-NAOES,4.0
9838-BFCQT,4.0
7853-GVUDZ,
0709-TVGUR,5.0
5057-RKGLH,3.0
7398-HPYZQ,3.0
4846-WHAFZ,4.0
8519-QJGJD,4.0
8708-XPXHZ,3.0
5696-JVVQY,3.0
4106-HADHQ,4.0
0277-ORXQS,3.0
4840-ORQXB,5.0
6227-HWPWX,
1352-HNSAW,4.0
8498-XXGWA,5.0
5208-HFSBT,3.0
2073-QBVBI,5.0
9364-YKUVW,5.0
7446-SFAOA,3.0
9637-EIHEQ,4.0
3370-HXOPH,3.0
8417-FMLZI,4.0
6637-KYRCV,3.0
4315-MURBD,3.0
6738-ISCBM,3.0
3594-BDSOA,5.0
4091-TVOCN,3.0
4307-KWMXE,
9374-YOLBJ,4.0
1265-XTECC,
9779-DPNEJ,
7395-XWZOY,4.0
3007-FDPEA,4.0
1810-BOHSY,5.0
6103-BOCOU,4.0
0076-LVEPS,4.0
2541-YGPKE,3.0
6424-ELEYH,
9572-MTILT,3.0
4707-MAXGU,5.0
1085-LDWAM,
6505-OZNPG,4.0
5447-WZAFP,4.0
7317-GGVPB,4.0
6967-PEJLL,5.0
2665-NPTGL,
2969-WGHQO,4.0
3955-JBZZM,5.0
7851-WZEKY,3.0
3161-GETRM,
5858-EAFCZ,4.0
2853-CWQFQ,5.0
6322-HRPFA,3.0
2824-DXNKN,3.0
5537-UXXVS,3.0
2034-CGRHZ,4.0
9052-DHNKM,3.0
8590-OHDIW,
1455-UGQVH,5.0
0206-TBWLC,4.0
0032-PGELS,3.0
2542-HYGIQ,3.0
6961-VCPMC,
9039-ZVJDC,
7824-PANSQ,4.0
4139-SUGLD,4.0
2621-UDNLU,3.0
2074-GKOWZ,4.0
2782-JEEBU,3.0
6022-UGGSO,3.0
6963-KQYQB,3.0
7103-IPXPJ,
1069-QJOEE,5.0
1703-MGIAB,5.0
2061-VVFST,4.0
0909-SDHNU,
9866-QEVEE,4.0
9386-LDCZR,5.0
3197-ARFOY,3.0
1552-CZCLL,3.0
0654-PQKDW,
9889-TMAHG,3.0
4323-SADQS,4.0
4851-BQDNX,3.0
6696-YDAYZ,5.0
4869-EPIUS,
1925-LFCZZ,4.0
8329-UTMVM,3.0
0031-PVLZI,5.0
4860-IJUDE,4.0
4644-OBGFZ,3.0
0229-LFJAF,4.0
1436-ZMJAN,4.0
6741-EGCBI,5.0
7030-FZTFM,3.0
4919-IKATY,4.0
2576-HXMPA,3.0
9558-IHEZX,4.0
4553-DVPZG,
7008-LZVOZ,
1820-TQVEV,4.0
6000-UKLWI,3.0
8443-ZRDBZ,5.0
4656-CAURT,
7105-BENQF,5.0
8510-TMWYB,4.0
5474-LAMUQ,3.0
8559-CIZFV,3.0
9932-WBWIK,3.0
5018-LXQQG,3.0
5696-QURRL,3.0
9814-AOUDH,5.0
2079-FBMZK,4.0
8777-MBMTS,5.0
9481-SFCQY,5.0
4086-YQSNZ,3.0
4311-QTTAI,4.0
9489-DEDVP,4.0
4521-WFJAI,4.0
6693-DJWTY,
4183-MYFRB,4.0
2626-URJFX,5.0
2796-UUZZO,4.0
7610-TVOPG,4.0
6921-OZMFH,3.0
5980-BDHPY,4.0
8992-VONJD,3.0
9774-NRNAU,3.0
3716-UVSPD,4.0
1918-ZBFQJ,
3440-JPSCL,3.0
3097-NNSPB,3.0
6729-FZWSY,5.0
8461-EFQYM,4.0
8382-SHQEH,3.0
5027-QPKTE,4.0
4160-AMJTL,5.0
8084-OIVBS,3.0
0455-ENTCR,3.0
7471-WNSUF,5.0
1163-VIPRI,3.0
4818-DRBQT,3.0
3345-PBBFH,
8401-EMUWF,3.0
3621-CEOVK,3.0
5950-AAAGJ,3.0
6419-ZTTLE,4.0
8167-GJLRN,3.0
5924-SNGKP,3.0
2235-EZAIK,4.0
5774-XZTQC,3.0
3262-EIDHV,
3665-JATSN,4.0
6292-TOSSS,4.0
4194-WHFCB,4.0
6521-YYTYI,5.0
2070-XYMFH,5.0
6196-HBOBZ,3.0
5002-GCQFH,3.0
9894-EZEWG,
8628-MFKAX,4.0
1919-RTPQD,4.0
6257-RJOHI,5.0
4652-ODEVH,5.0
3696-XRIEN,4.0
8429-XIBUM,4.0
1062-LHZOD,3.0
6261-LHRTG,4.0
7813-ZGGAW,
5012-YSPJJ,3.0
9448-REEVD,3.0
6899-PPEEA,4.0
5027-YOCXN,3.0
7277-OZCGZ,4.0
9688-YGXVR,3.0
3058-HJCUY,4.0
8263-JQAIK,3.0
6298-QDFNH,5.0
3750-RNQKR,5.0
1678-FYZOW,3.0
7407-SUJIZ,4.0
0345-XMMUG,3.0
0661-KQHNK,4.0
6439-GTPCA,5.0
5171-EPLKN,4.0
7601-DHFWZ,5.0
6356-ELRKD,3.0
4074-SJFFA,3.0
3969-GYXEL,3.0
4236-XPXAV,4.0
7503-EPSZW,3.0
8993-IZEUX,4.0
9866-OCCKE,4.0
6506-EYCNH,4.0
8722-NGNBH,
0114-IGABW,4.0
2560-QTSBS,5.0
0318-QUUOB,4.0
4322-RCYMT,5.0
9633-XQABV,5.0
2347-WKKAE,4.0
4274-DRSQT,4.0
9578-FOMUK,5.0
6194-HBGQN,
5149-CUZUJ,3.0
7868-BGSZA,3.0
2582-FFFZR,3.0
6906-MPARY,3.0
9290-SHCMB,5.0
5844-QVTAT,4.0
3312-ZWLGF,5.0
4523-WXCEF,4.0
9372-TXXPS,1.0
9103-TCIHJ,2.0
7636-XUHWW,3.0
9092-GDZKO,
6229-UOLQL,1.0
3902-FOIGH,1.0
4619-EVPHY,1.0
4445-KWOKW,1.0
2878-RMWXY,1.0
8183-ONMXC,1.0
2592-HODOV,1.0
8761-NSOBC,3.0
7181-BQYBV,1.0
8769-KKTPH,1.0
7156-MXBJE,3.0
3389-KTRXV,
3452-ABWRL,
0637-KVDLV,1.0
8197-BFWVU,3.0
7912-SYRQT,2.0
2227-JRSJX,1.0
6407-GSJNL,2.0
1053-MXTTK,1.0
3987-KQDDU,1.0
4195-NZGTA,3.0
5935-FCCNB,1.0
5650-YLIBA,
4957-TREIR,1.0
5701-SVCWR,
4654-GGUII,1.0
4816-JBHOV,2.0
4192-GORJT,1.0
6734-JDTTV,
1231-YNDEK,2.0
0348-SDKOL,2.0
1929-ZCBHE,1.0
2669-QVCRG,3.0
0094-OIFMO,2.0
3178-CIFOT,2.0
4403-BWPAY,2.0
6686-YPGHK,2.0
9753-OYLBX,1.0
3276-HDUEG,1.0
0228-MAUWC,2.0
4785-QRJHC,3.0
1302-TPUBN,2.0
3737-GCSPV,2.0
8966-KZXXA,3.0
8947-YRTDV,2.0
1353-GHZOS,
6374-AFWOX,3.0
0326-VDYXE,2.0
4446-BZKHU,2.0
0975-UYDTX,1.0
2484-DGXPZ,
1017-FBQMM,1.0
7272-QDCKA,3.0
1370-GGAWX,1.0
4145-UQXUQ,2.0
1073-XXCZD,
2428-ZMCTB,
0778-NELLA,3.0
9554-DFKIC,3.0
5236-PERKL,
6928-ONTRW,3.0
4098-NAUKP,1.0
2528-HFYZX,3.0
4445-ZJNMU,3.0
9761-XUJWD,3.0
8404-VLQFB,3.0
7938-OUHIO,1.0
6204-IEUXJ,1.0
0842-IWYCP,3.0
6131-JLWZM,1.0
6906-ANDWJ,1.0
2293-IJWPS,1.0
2223-KAGMX,1.0
3892-NXAZG,1.0
7278-CKDNC,
3649-JPUGY,1.0
5315-CKEQK,
4361-BKAXE,1.0
2190-PHBHR,
6195-MELTI,1.0
6635-CPNUN,1.0
8221-HVAYI,1.0
0567-GGCAC,3.0
6988-CJEYV,1.0
9661-MHUMO,2.0
0201-MIBOL,1.0
9479-HYNYL,1.0
8178-EYZUO,3.0
0516-VRYBW,3.0
8414-MYSHR,3.0
6996-KNSML,
0804-YGEQV,1.0
4751-ERMAN,
8263-QMNTJ,
4255-DDUOU,2.0
8098-LLAZX,1.0
3583-EKAPL,1.0
2081-VEYEH,1.0
6158-DWPZT,2.0
1028-FFNJK,1.0
7579-KKLOE,3.0
3655-SNQYZ,1.0
1644-IRKSF,3.0
0363-SVHYR,2.0
7176-WIONM,2.0
5248-YGIJN,3.0
2830-LEWOA,3.0
5966-EMAZU,2.0
3154-CFSZG,
7096-UCLNH,1.0
5473-KHBPS,1.0
2952-QAYZF,3.0
6728-CZFEI,1.0
8008-OTEZX,2.0
0810-DHDBD,2.0
4554-YGZIH,
7833-PKIHD,1.0
5915-ANOEI,1.0
6976-BWGLQ,3.0
1090-PYKCI,1.0
6752-APNJL,1.0
5295-PCJOO,2.0
5181-OABFK,
5043-TRZWM,3.0
1154-HYWWO,
7721-JXEAW,1.0
3372-KWFBM,
9786-IJYDL,1.0
7554-NEWDD,
6384-VMJHP,1.0
8496-DMZUK,2.0
4495-LHSSK,1.0
0975-VOOVL,1.0
6583-SZVGP,
3027-ZTDHO,3.0
5514-YQENT,3.0
4431-EDMIQ,3.0
7743-EXURX,2.0
6927-WTFIV,1.0
5076-YVXCM,3.0
8992-OBVDG,1.0
4958-GZWIY,3.0
8663-UPDGF,1.0
3963-RYFNS,
5117-ZSMHQ,2.0
2037-SGXHH,2.0
3999-WRNGR,
2674-MIAHT,1.0
7473-ZBDSN,
4827-LTQRJ,2.0
8165-ZJRNM,2.0
4223-WOZCM,
8039-ACLPL,1.0
0310-VQXAM,2.0
0330-BGYZE,
9308-ANMVE,1.0
5480-XTFFL,1.0
7941-RCJOW,3.0
6582-OIVSP,3.0
5527-ACHSO,3.0
8642-GVWRF,
2951-QOQTK,3.0
3217-FZDMN,
9430-FRQOC,2.0
7994-UYIVZ,
9073-ZZIAY,1.0
4760-XOHVN,1.0
1942-OQFRW,1.0
6400-BWQKW,1.0
5882-CMAZQ,1.0
5351-QESIO,3.0
1846-XWOQN,1.0
2868-MZAGQ,2.0
6345-FZOQH,3.0
7993-NQLJE,2.0
8807-ARQET,3.0
9063-ZGTUY,1.0
7048-GXDAY,1.0
5055-MGMGF,
6865-JZNKO,2.0
4332-MUOEZ,1.0
9133-AYJZG,1.0
8076-FEZKJ,1.0
1060-ENTOF,3.0
9643-YBLUR,3.0
0771-WLCLA,1.0
2805-EDJPQ,1.0
6967-QIQRV,3.0
2403-BCASL,3.0
2905-KFQUV,3.0
3914-FDRHP,
8468-FZTOE,1.0
4922-CVPDX,2.0
0786-IVLAW,1.0
0743-HRVFF,2.0
1563-IWQEX,3.0
9281-OFDMF,2.0
4837-PZTIC,2.0
8661-BOYNW,1.0
2300-RQGOI,2.0
9624-EGDEQ,3.0
9257-AZMTZ,2.0
0641-EVBOJ,3.0
0259-GBZSH,2.0
7632-MNYOY,2.0
3415-TAILE,
8559-WNQZS,
3571-RFHAR,1.0
5451-MHQOF,2.0
9054-FOWNV,1.0
6240-EURKS,2.0
9495-REDIY,1.0
8348-JLBUG,3.0
2882-DDZPG,2.0
1790-NESIO,
9136-ALYBR,1.0
2876-GZYZC,
0822-GAVAP,1.0
6358-LYNGM,
2190-BCXEC,1.0
4468-YDOVK,2.0
0979-MOZQI,1.0
2959-FENLU,1.0
9617-INGJY,1.0
2072-ZVJJX,
9541-ZPSEA,3.0
4929-ROART,2.0
0851-DFJKB,2.0
7879-CGSFV,2.0
9036-CSKBW,2.0
3675-EQOZA,1.0
0458-HEUZG,3.0
2632-TACXW,1.0
9773-PEQBZ,2.0
6732-FZUGP,1.0
3413-BMNZE,1.0
5849-ASHZJ,
5996-NRVXR,1.0
6563-VNPMN,3.0
9831-BPFRI,2.0
7203-OYKCT,
1356-MKYSK,1.0
6127-ISGTU,2.0
8337-UPOAQ,2.0
6177-PEVRA,2.0
9798-DRYDS,2.0
9575-IWCAZ,1.0
2360-RDGRO,2.0
8519-IMDHU,1.0
9050-IKDZA,2.0
2332-TODQS,1.0
0886-QGENL,1.0
8361-LBRDI,
4701-AHWMW,3.0
2842-JTCCU,1.0
6124-ACRHJ,1.0
8626-XHBIE,2.0
2604-XVDAM,1.0
8404-FYDIB,2.0
4547-KQRTM,
3858-XHYJO,1.0
0795-XCCTE,1.0
8245-UMPYT,1.0
9799-CAYJJ,
8695-WDYEA,1.0
5376-PCKNB,2.0
6956-SMUCM,2.0
8780-IXSTS,
6723-WSNTY,2.0
8952-WCVCD,2.0
8782-NUUOL,
9822-BIIGN,2.0
6072-NUQCB,3.0
0254-FNMCI,3.0
7669-LCRSD,1.0
1689-MRZQR,2.0
5795-KTGUD,2.0
3744-ZBHON,1.0
6481-ESCNL,2.0
7036-ZZKBD,1.0
3097-IDVPU,2.0
4128-ETESU,1.0
5668-MEISB,
5049-MUBWG,3.0
7998-WNZEM,1.0
9297-FVVDH,1.0
6583-QGCSI,3.0
4393-OBCRR,2.0
2000-MPKCA,1.0
6284-KMNUF,1.0
4759-PXTAN,2.0
3096-IZETN,2.0
1680-VDCWW,1.0
6166-YIPFO,1.0
0136-IFMYD,1.0
4923-ADWXJ,1.0
7558-IMLMT,2.0
4694-PHWFW,1.0
8646-JCOMS,
0929-PECLO,1.0
0835-JKADZ,2.0
0786-VSSUD,2.0
8648-PFRMP,2.0
5622-UEJFI,1.0
7047-FWEYA,2.0
7560-QRBXH,3.0
1354-YZFNB,
1371-DWPAZ,1.0
2368-GAKKQ,3.0
1217-VASWC,2.0
9614-RMGHA,3.0
9467-ROOLM,3.0
9796-BPKIW,1.0
0732-OCQOC,
4776-XSKYQ,1.0
3269-ATYWD,3.0
0909-SELIE,3.0
3230-JCNZS,1.0
6207-WIOLX,2.0
1498-DQNRX,
9494-BDNNC,1.0
6616-AALSR,2.0
3106-ULWFW,2.0
9603-OAIHC,3.0
8327-WKMIE,2.0
9755-JHNMN,3.0
8104-OSKWT,2.0
5055-BRMNE,2.0
4307-KTUMW,1.0
0112-QAWRZ,2.0
7969-FFOWG,3.0
5778-BVOFB,1.0
4578-PHJYZ,1.0
8410-BGQXN,2.0
9512-UIBFX,3.0
1641-BYBTK,1.0
8725-JEDFD,3.0
3254-YRILK,3.0
8821-KVZKQ,
1447-GIQMR,1.0
8640-SDGKB,2.0
8707-RMEZH,2.0
4323-ELYYB,
2911-IJORQ,1.0
5980-NOPLP,
9371-BITHB,
6734-CKRSM,
1221-GHZEP,3.0
6893-ODYYE,1.0
8903-WMRNW,3.0
4735-BJKOU,2.0
4686-GEFRM,1.0
0820-FNRNX,2.0
4009-ALQFH,2.0
2575-GFSOE,1.0
6122-LJADA,2.0
0723-VSOBE,1.0
2040-LDIWQ,2.0
6064-PUPMC,1.0
9739-JLPQJ,1.0
8595-SIZNC,1.0
8390-FESFV,1.0
9488-FYQAU,1.0
9938-TKDGL,1.0
5356-KZCKT,1.0
4829-ZLJTK,2.0
8859-AXJZP,
0480-KYJVA,1.0
7395-IGJOS,3.0
9643-AVVWI,3.0
5793-YOLJN,2.0
4786-UKSNZ,
5010-IPEAQ,3.0
9048-JVYVF,2.0
9803-FTJCG,1.0
5281-BUZGT,1.0
3001-CBHLQ,3.0
5154-VEKBL,3.0
6937-GCDGQ,1.0
5186-SAMNZ,3.0
7241-AJHFS,2.0
2599-CIPQE,
7802-EFKNY,3.0
4079-WWQQQ,1.0
4012-YCFAI,2.0
4342-HENTK,1.0
4189-NAKJS,2.0
7018-FPXHH,3.0
3307-TLCUD,2.0
1725-MIMXW,2.0
3523-BRGUW,
7266-GSSJX,1.0
3689-MOZGR,2.0
6394-MFYNG,1.0
8779-QRDMV,3.0
5872-OEQNH,2.0
3920-HIHMQ,2.0
1744-JHKYS,1.0
3258-ZKPAI,1.0
7982-VCELR,3.0
2410-CIYFZ,2.0
2929-QNSRW,1.0
4636-JGAAI,1.0
0422-UXFAP,1.0
1047-RNXZV,2.0
0811-GSDTP,1.0
3891-NLXJB,1.0
3721-CNZHX,
6876-ADESB,1.0
0311-UNPFF,1.0
5669-SRAIP,2.0
2159-TURXX,3.0
0559-CKHUS,2.0
0121-SNYRK,1.0
5331-RGMTT,1.0
7359-SSBJK,2.0
8258-GSTJK,2.0
7908-QCBCA,2.0
3891-PUQOD,1.0
0562-FGDCR,1.0
1839-FBNFR,1.0
1051-GEJLJ,1.0
9801-NOSHQ,1.0
0970-ETWGE,1.0
1049-FYSYG,3.0
8818-XYFCQ,3.0
2916-BQZLN,2.0
0023-UYUPN,
3096-YXENJ,2.0
4566-GOLUK,1.0
0867-MKZVY,3.0
4343-EJVQB,1.0
6156-UZDLF,3.0
8417-GSODA,1.0
3137-NYQQI,1.0
8996-ZROXE,2.0
5318-YKDPV,2.0
6235-VDHOM,1.0
8631-WUXGY,3.0
2272-JKMSI,1.0
0952-KMEEH,
6437-UDQJM,1.0
6119-SPUDB,3.0
7105-MXJLL,3.0
7014-ZZXAW,
4884-TVUQF,1.0
8654-DHAOW,1.0
7808-DVWEP,3.0
3703-TTEPD,
7326-RIGQZ,3.0
6166-ILMNY,1.0
6898-RBTLU,2.0
8051-HJRLT,2.0
7851-FLGGQ,3.0
1450-SKCVI,2.0
3011-WQKSZ,1.0
4664-NJCMS,2.0
5998-DZLYR,2.0
1937-OTUKY,1.0
1697-NVVGY,1.0
8677-HDZEE,3.0
2626-VEEWG,3.0
9327-QSDED,3.0
7402-EYFXX,1.0
2754-SDJRD,1.0
8132-YPVBX,1.0
6211-WWLTF,
4199-QHJNM,2.0
2346-LOCWC,2.0
9764-REAFF,1.0
9633-DENPU,3.0
8980-WQFWL,3.0
7246-ZGQDF,2.0
2712-SYWAY,3.0
3296-SILRA,2.0
0215-BQKGS,2.0
3793-MMFUH,1.0
5998-VVEJY,2.0
4657-FWVFY,1.0
2418-TPEUN,3.0
7856-GANIL,2.0
0953-LGOVU,1.0
8219-VYBVI,1.0
9898-KZQDZ,1.0
4741-WWJQZ,2.0
8861-HGGKB,2.0
6137-MFAJN,2.0
4750-ZRXIU,1.0
7813-TKCVO,1.0
7989-CHGTL,
6641-XRPSU,1.0
7928-VJYAB,1.0
2674-MLXMN,
1334-PDUKM,1.0
8943-URTMR,1.0
3795-CAWEX,1.0
1628-BIZYP,
1904-WAJAA,3.0
9661-ACXBS,3.0
4671-VJLCL,3.0
9489-JMTTN,
1229-RCALF,1.0
8313-AFGBW,1.0
2672-TGEFF,2.0
7067-KSAZT,2.0
7603-USHJS,2.0
7579-OOPEC,2.0
7753-USQYQ,3.0
3810-DVDQQ,3.0
8773-HHUOZ,1.0
6575-SUVOI,1.0
7890-VYYWG,1.0
3272-VUHPV,2.0
1707-HABPF,1.0
9860-LISIZ,
5158-RIVOP,2.0
3565-UNOCC,2.0
5396-IZEPB,2.0
8651-ENBZX,2.0
6481-OGDOO,1.0
0931-MHTEM,
9846-GKXAS,2.0
4712-UYOOI,2.0
7033-CLAMM,3.0
4295-YURET,2.0
9867-XOBQA,
7752-XUSCI,2.0
2284-VFLKH,3.0
5088-QZLRL,1.0
3190-ITQXP,3.0
4443-EMBNA,
7101-HRBLJ,1.0
7721-DVEKZ,1.0
6202-DYYFX,1.0
2480-EJWYP,1.0
4821-SJHJV,3.0
0754-EEBDC,2.0
0556-FJEGU,2.0
4623-ZKHLY,1.0
5172-MIGPM,3.0
4581-SSPWD,
0256-LTHVJ,2.0
9050-QLROH,
7318-EIVKO,1.0
3801-HMYNL,
4283-IVYCI,1.0
2656-FMOKZ,3.0
4662-EKDPQ,
9248-OJYKK,1.0
3055-OYMSE,3.0
7614-QVWQL,
1658-XUHBX,1.0
7608-RGIRO,1.0
8763-KIAFH,1.0
9795-VOWON,2.0
7549-MYGPK,1.0
5960-WPXQM,3.0
0750-EBAIU,1.0
5160-UXJED,2.0
6377-KSLXC,1.0
7644-OMVMY,3.0
0959-WHOKV,2.0
7590-VHVEG,3.0
8910-LEDAG,1.0
7310-EGVHZ,1.0
5325-UWTWJ,
0946-FKYTX,2.0
1734-ZMNTZ,1.0
0506-LVNGN,1.0
9227-LUNBG,3.0
1568-LJSZU,3.0
9362-MWODR,1.0
5951-AOFIH,
1764-VUUMT,1.0
2501-XWWTZ,2.0
4747-LCAQL,1.0
5229-DTFYB,
0278-YXOOG,
5644-PDMZC,1.0
8999-EXMNO,1.0
7881-EVUAD,2.0
1676-MQAOA,
1395-OFUWC,1.0
4877-TSOFF,3.0
8680-CGLTP,2.0
5570-PTWEH,1.0
3865-QBWSJ,1.0
7963-GQRMY,
7957-RYHQD,1.0
0023-HGHWL,2.0
4146-SVFUD,1.0
3334-CTHOL,
4702-IOQDC,2.0
5384-ZTTWP,1.0
1167-OYZJF,3.0
7878-RTCZG,1.0
2439-QKJUL,3.0
7854-FOKSF,3.0
2400-XIWIO,2.0
5186-PEIZU,1.0
5583-EJXRD,
8838-GPHZP,2.0
6922-NCEDI,2.0
7356-AYNJP,3.0
6655-LHBYW,3.0
4912-PIGUY,2.0
9746-YKGXB,1.0
0902-RFHOF,1.0
6061-PQHMK,1.0
9317-WZPGV,2.0
5760-IFJOZ,2.0
2851-STERV,1.0
8331-ZXFOE,2.0
5908-QMGOE,1.0
9571-EDEBV,3.0
4822-LPTYJ,2.0
0531-ZZJWQ,3.0
0133-BMFZO,
5701-ZIKJE,1.0
6215-NQCPY,1.0
3571-DPYUH,2.0
1355-KUSBG,2.0
8212-DJRCH,1.0
0871-OPBXW,1.0
2430-USGXP,1.0
0130-SXOUN,2.0
0426-TIRNE,2.0
3318-OSATS,1.0
5995-OIGLP,1.0
4611-ANLQC,
8552-OBVRU,
9415-TPKRV,1.0
4695-VADHF,2.0
4361-JEIVL,3.0
3950-VPYJB,3.0
0674-GCDXG,1.0
2977-CEBSX,1.0
1561-BWHIN,2.0
2143-LJULT,1.0
4795-KTRTH,3.0
4134-BSXLX,2.0
1353-LJWEM,1.0
0268-QKIWO,
2330-PQGDQ,1.0
7445-WMRBW,1.0
3422-WJOYD,1.0
2194-IIQOF,2.0
4808-YNLEU,2.0
2672-HUYVI,3.0
6972-SNKKW,1.0
3308-MHOOC,1.0
1335-HQMKX,3.0
8608-OZTLB,
2511-MORQY,2.0
0004-TLHLJ,
5552-ZNFSJ,
1240-HCBOH,1.0
3043-TYBNO,1.0
2120-SMPEX,
9108-EJFJP,1.0
1159-WFSGR,3.0
8720-RQSBJ,3.0
4012-ZTHBR,1.0
8963-JLGJT,1.0
6142-VSJQO,
0238-WHBIQ,1.0
6598-RFFVI,1.0
7301-ABVAD,1.0
3911-RSNHI,
0142-GVYSN,2.0
6248-TKCQV,1.0
4404-HIBDJ,
6861-XWTWQ,1.0
0327-WFZSY,
3143-JQEGI,1.0
9584-EXCDZ,1.0
8597-CWYHH,1.0
0701-RFGFI,1.0
7356-IWLFW,
1254-IZEYF,1.0
4086-ATNFV,1.0
9802-CAQUT,3.0
4195-SMMNX,2.0
4193-IBKSW,1.0
8384-FZBJK,2.0
6198-ZFIOJ,1.0
4957-TIALW,2.0
6873-UDNLD,1.0
1323-OOEPC,1.0
4439-YRNVD,3.0
4993-JCRGJ,1.0
1791-PQHBB,1.0
5197-PYEPU,2.0
9134-WYRVP,1.0
7250-EQKIY,
7660-HDPJV,3.0
9710-NJERN,1.0
8659-IOOPU,1.0
0420-TXVSG,1.0
4692-NNQRU,2.0
3870-SPZSI,1.0
6223-DHJGV,1.0
4801-JZAZL,2.0
0409-WTMPL,1.0
0104-PPXDV,1.0
4750-UKWJK,2.0
0730-BGQGF,3.0
8402-OOOHJ,2.0
4228-ZGYUW,3.0
6749-UTDVX,1.0
1699-HPSBG,2.0
9237-HQITU,
7777-UNYHB,1.0
2889-FPWRM,3.0
2578-JQPHZ,3.0
6745-JEFZB,2.0
8317-BVKSO,
4378-MYPGO,1.0
4537-DKTAL,1.0
2144-BFDSO,2.0
2294-DMMUS,3.0
5960-MVTUK,2.0
2332-EFBJY,3.0
1360-XFJMR,3.0
5590-ZSKRV,1.0
2108-XWMPY,1.0
6047-SUHPR,1.0
0939-YAPAF,1.0
5240-CAOYT,3.0
3099-OONVS,3.0
6621-YOBKI,1.0
4109-CYRBD,
6549-BTYPG,3.0
6986-IXNDM,1.0
9974-JFBHQ,1.0
7354-OIJLX,
1264-BYWMS,1.0
9715-WZCLW,1.0
1269-FOYWN,1.0
0679-TDGAK,2.0
2883-ILGWO,2.0
9411-TPQQV,2.0
2096-XOTMO,2.0
0831-JNISG,1.0
7196-LIWRH,1.0
2911-WDXMV,
3452-FLHYD,1.0
9943-VSZUV,2.0
8357-EQXFO,1.0
3799-ISUZQ,3.0
4716-MRVEN,2.0
7673-LPRNY,1.0
6345-ULYRW,1.0
1402-PTHGN,1.0
6652-YFFJO,
9172-JITSM,1.0
0488-GSLFR,3.0
0330-IVZHA,2.0
5447-VYTKW,1.0
7881-INRLC,2.0
9090-SGQXL,3.0
1307-TVUFB,2.0
5656-JAMLX,1.0
0254-KCJGT,2.0
0129-QMPDR,1.0
2468-SJFLM,1.0
0722-SVSFK,
8510-AWCXC,1.0
9441-QHEVC,1.0
2874-YXVVA,3.0
4742-DRORA,1.0
9895-VFOXH,
8375-KVTHK,1.0
0270-THENM,1.0
4592-IWTJI,
9503-XJUME,1.0
5136-KCKGI,
9732-OUYRN,3.0
6933-VLYFX,3.0
2235-DWLJU,1.0
7442-YGZFK,2.0
7530-HDYDS,1.0
8514-VZHEB,1.0
4566-QVRRW,
6878-GGDWG,1.0
4530-NDRKU,2.0
1095-WGNGG,1.0
6773-LQTVT,2.0
8563-OYMQY,1.0
0774-RMNUW,1.0
4501-VCPFK,2.0
3488-PGMQJ,2.0
5404-GGUKR,1.0
0928-JMXNP,1.0
5468-BPMMO,2.0
4521-YEEHE,2.0
0302-JOIVN,2.0
5628-FCGYG,2.0
8612-GXIDD,
0680-DFNNY,1.0
1965-AKTSX,1.0
6741-QRLUP,3.0
3113-IWHLC,
5993-BQHEA,1.0
1545-JFUML,1.0
0354-VXMJC,1.0
7249-WBIYX,
6502-KUGLL,2.0
3744-ZRRDZ,3.0
1125-SNVCK,2.0
1767-TGTKO,3.0
0840-DCNZE,
1097-FSPVW,1.0
2460-FPSYH,
7235-NXZCP,1.0
2321-OMBXY,3.0
7521-AFHAB,1.0
7665-TOALD,1.0
2077-DDHJK,1.0
0224-HJAPT,1.0
2560-PPCHE,
3452-SRFEG,2.0
4129-LYCOI,2.0
2806-MLNTI,1.0
6728-WYQBC,3.0
5312-TSZVC,2.0
9231-ZJYAM,
8083-YTZES,3.0
1345-ZUKID,1.0
1093-YSWCA,3.0
1898-JSNDC,2.0
5261-QSHQM,3.0
4883-QICIH,3.0
3211-ILJTT,1.0
8402-EIVQS,1.0
6791-YBNAK,3.0
7240-FQLHE,1.0
2866-IKBTM,1.0
9150-HEPMB,1.0
6060-QBMGV,
3197-NNYNB,1.0
7625-XCQRH,1.0
0581-MDMPW,3.0
3261-CQXOL,1.0
5937-EORGB,3.0
2023-VQFDL,
9917-KWRBE,3.0
5202-IVJNU,1.0
6627-CFOSN,1.0
5575-GNVDE,
2692-AQCPF,
2371-JUNGC,1.0
7483-IQWIB,2.0
9223-UCPVT,2.0
0310-MVLET,3.0
7142-HVGBG,2.0
9812-GHVRI,2.0
1215-VFYVK,1.0
3866-MDTUB,1.0
7219-TLZHO,3.0
8999-YPYBV,
8480-PPONV,1.0
0378-TOVMS,1.0
2479-BRAMR,2.0
3130-ICDUP,2.0
6997-UVGOX,2.0
5271-DBYSJ,2.0
7047-YXDMZ,1.0
8496-EJAUI,
6986-IJDHX,2.0
2408-WITXK,2.0
2516-XSJKX,2.0
1624-NALOJ,2.0
5214-NLTIT,1.0
5419-CONWX,1.0
0635-WKOLD,1.0
7599-NTMDP,
0650-BWOZN,1.0
3981-QSVQI,3.0
8961-QDZZJ,3.0
5176-LMJXE,2.0
1642-HMARX,1.0
4397-FRLTA,2.0
0639-TSIQW,1.0
1335-NTIUC,1.0
4629-NRXKX,1.0
9820-RMCQV,1.0
9667-TKTVZ,1.0
6202-JVYEU,2.0
3077-RSNTJ,1.0
2338-BQEZT,3.0
7279-BUYWN,2.0
5014-WUQMG,2.0
6217-TOWGS,2.0
5887-IKKYO,1.0
1094-BKOSX,1.0
1871-MOWRM,3.0
9953-ZMKSM,2.0
7668-XCFYV,2.0
8734-DKSTZ,1.0
8869-LIHMK,3.0
0052-YNYOT,2.0
0106-UGRDO,3.0
3489-VSFRD,3.0
4285-GYRQC,1.0
3084-DOWLE,
8270-RKSAP,1.0
8735-DCXNF,1.0
8044-BGWPI,1.0
7030-NJVDP,2.0
5394-SVGJV,3.0
8276-MQBYC,3.0
7446-KQISO,1.0
0617-FHSGK,2.0
6789-HJBWG,3.0
5148-ORICT,1.0
9086-YJYXS,1.0
8859-YSTWS,2.0
0746-JTRFU,1.0
3363-EWLGO,1.0
0511-JTEOY,2.0
4039-PIMHX,2.0
0504-HHAPI,1.0
7787-BNTZM,1.0
2446-BEGGB,2.0
1658-TJVOA,1.0
9705-IOVQQ,1.0
4452-ROHMO,3.0
5044-LRQAQ,
4778-IZARL,1.0
8782-LKFPK,3.0
3030-ZKIWL,3.0
9127-FHJBZ,
9512-PHSMG,3.0
1455-HFBXA,2.0
9102-IAYHT,2.0
7168-HDQHG,
6188-UXBBR,2.0
6357-JJPQT,2.0
0021-IKXGC,2.0
2382-BCKQJ,2.0
2499-AJYUA,1.0
7110-BDTWG,2.0
5578-NKCXI,2.0
3577-AMVUX,1.0
8958-JPTRR,
0749-IRGQE,2.0
3635-QQRQD,
0201-OAMXR,1.0
3500-NSDOA,2.0
3070-BDOQC,1.0
9766-HGEDE,2.0
2826-UWHIS,2.0
7825-GKXMW,1.0
1442-BQPVU,
4547-FZJWE,1.0
6230-BSUXY,3.0
0048-PIHNL,
7297-DVYGA,
1855-CFULU,3.0
0464-WJTKO,
9586-JGQKH,
6582-PLFUU,3.0
3779-OSWCF,3.0
8111-SLLHI,1.0
5811-IWXYM,2.0
3727-OWVYD,3.0
9475-NNDGC,1.0
1333-PBMXB,1.0
8591-NXRCV,
0019-GFNTW,1.0
7722-VJRQD,3.0
5397-TUPSH,3.0
3373-YZZYM,
6522-OIQSX,2.0
2024-BASKD,2.0
4430-UZIPO,1.0
7452-FOLON,3.0
7665-VIGUD,2.0
6176-YJWAS,1.0
7566-DSRLQ,1.0
5198-EFNBM,
9102-OXKFY,1.0
9453-PATOS,2.0
6661-EIPZC,3.0
3727-JEZTU,3.0
2208-NQBCT,3.0
0103-CSITQ,3.0
9279-CJEOJ,3.0
6313-GIDIT,3.0
3143-ILDAL,
5995-LFTLE,2.0
4737-HOBAX,1.0
8085-MSNLK,1.0
5429-LWCMV,
2000-DHJUY,3.0
3162-ZJZFU,3.0
0380-ZCSBI,
8807-OPMBM,2.0
7994-XIRTR,2.0
7162-WPHPM,3.0
1133-KXCGE,3.0
3486-HOOGQ,1.0
0384-LPITE,2.0
6317-YPKDH,3.0
2208-NKVVH,1.0
9402-ORRAH,1.0
1950-KSVVJ,
5149-TGWDZ,1.0
7694-VLBWQ,
4576-CSAJH,1.0
4636-TVXVG,3.0
3842-IYKUE,3.0
9432-VOFYX,2.0
0233-FTHAV,3.0
0612-RTZZA,3.0
9481-WHGWY,
8267-KFGYD,2.0
9052-VKDUW,
3481-JHUZH,1.0
1619-YWUBB,1.0
6353-BRMMA,
9359-JANWS,3.0
7853-WNZSY,
8571-ZCMCX,1.0
4026-SKKHW,1.0
8436-BJUMM,2.0
3874-EQOEP,1.0
9058-MJLZC,1.0
0362-RAOQO,
9094-AZPHK,1.0
8573-JGCZW,2.0
6275-YDUVO,3.0
1088-AUUZZ,1.0
0655-RBDUG,2.0
6770-UAYGJ,
2257-BOVXD,1.0
7945-PRBVF,
6101-IMRMM,3.0
8778-LMWTJ,2.0
3990-QYKBE,2.0
5921-NGYRH,3.0
0186-CAERR,2.0
3482-ABPKK,2.0
7576-ASEJU,1.0
6897-UUBNU,1.0
2228-BZDEE,1.0
7181-OQCUT,3.0
8313-KTIHG,3.0
7377-DMMRI,3.0
4983-CCWMC,1.0
2856-HYAPG,1.0
7691-KGKGP,1.0
2946-KIQSP,2.0
0880-FVFWF,3.0
1397-XKKWR,2.0
0742-NXBGR,3.0
5760-FXFVO,2.0
4565-NLZBV,1.0
8450-JOVAH,2.0
6993-YGFJV,1.0
6682-QJDGB,1.0
2919-HBCJO,1.0
1429-UYJSV,1.0
7816-VGHTO,1.0
5914-GXMDA,2.0
1271-SJBGZ,3.0
0947-IDHRQ,3.0
9762-YAQAA,1.0
3208-YPIOE,1.0
9278-VZKCD,1.0
6770-XUAGN,1.0
3580-GICBM,2.0
1625-JAIIY,2.0
7794-JASDG,3.0
6231-WFGFH,1.0
8457-XIGKN,2.0
3810-PJUHR,1.0
8774-GSBUN,1.0
2189-UXTKY,1.0
1976-CFOCS,2.0
5647-FXOTP,1.0
4480-QQRHC,1.0
3645-DEYGF,2.0
8043-PNYSD,3.0
1508-DFXCU,
0314-TKOSI,1.0
3125-RAHBV,3.0
4291-TPNFG,1.0
0337-CNPZE,1.0
0407-BDJKB,2.0
0174-QRVVY,2.0
1970-KKFWL,
6128-AQBMT,
7707-PYBBH,
5816-JMLGY,1.0
5275-PMFUT,1.0
2495-TTHBQ,1.0
5789-LDFXO,3.0
7909-FIOIY,1.0
6380-ARCEH,1.0
5256-SKJGO,
1752-OZXFY,2.0
9360-OMDZZ,1.0
3988-RQIXO,1.0
0002-ORFBO,1.0
5909-ECHUI,2.0
6579-JPICP,3.0
8819-IMISP,1.0
2799-ARNLO,1.0
1897-OKVMW,3.0
5399-ZIMKF,1.0
1010-DIAUQ,3.0
1820-DJFPH,1.0
9506-UXUSK,3.0
7508-MYBOG,
7861-UVUFT,2.0
3284-SVCRO,
0716-BQNDX,3.0
0708-LGSMF,3.0
0310-SUCIN,1.0
7351-MHQVU,
6217-KDYWC,3.0
8098-TDCBU,1.0
8017-UVSZU,1.0
5197-YPYBZ,3.0
1245-HARPS,1.0
6603-YRDCJ,1.0
2521-NPUZR,1.0
0596-BQCEQ,1.0
8445-DNBAE,1.0
5774-QPLTF,1.0
4626-OZDTJ,2.0
9079-LWTFD,1.0
3530-VWVGU,
4367-NUYAO,2.0
4154-AQUGT,
1629-DQQVB,2.0
7776-QWNFX,1.0
5084-OOVCJ,1.0
6242-FEGFD,1.0
7649-PHJVR,1.0
3612-YVGSJ,2.0
8242-SOQUO,1.0
9282-IZGQK,3.0
8513-OLYGY,1.0
7898-PDWQE,1.0
9710-ZUSHQ,1.0
5442-PPTJY,1.0
1208-NBVFH,1.0
7285-KLOTR,2.0
6711-VTNRE,3.0
3680-CTHUH,1.0
6040-CGACY,1.0
9747-DDZOS,1.0
7596-LDUXP,3.0
8205-VSLRB,1.0
0440-QEXBZ,1.0
9742-XOKTS,1.0
6968-MHOMU,3.0
3014-WJKSM,2.0
6000-APYLU,2.0
9625-QNLUX,2.0
3243-ZHOHY,1.0
5649-RXQTV,1.0
7432-FFVAR,1.0
8982-NHAVY,1.0
7480-QNVZJ,2.0
5519-YLDGW,1.0
2926-JEJJC,1.0
4710-NKCAW,1.0
7269-JISCY,2.0
1810-MVMAI,3.0
1481-ZUWZA,2.0
3170-NMYVV,1.0
2469-DTSGX,1.0
8033-ATFAS,1.0
5071-FBJFS,1.0
9170-GYZJC,3.0
2386-LAHRK,1.0
8645-KWHJO,1.0
5233-GEEAX,1.0
6457-USBER,1.0
9134-CEQMF,2.0
9055-MOJJJ,1.0
7409-KIUTL,1.0
9143-CANJF,
1087-GRUYI,1.0
5440-FLBQG,2.0
3733-ZEECP,1.0
8388-FYNPZ,1.0
3845-JHAMY,3.0
9058-HRZSV,3.0
9947-OTFQU,1.0
7771-CFQRQ,2.0
9919-KNPOO,2.0
1042-HFUCW,2.0
8637-XJIVR,1.0
5199-FPUSP,3.0
9780-FKVVF,
0816-TSPHQ,3.0
8380-MQINP,3.0
4987-GQWPO,3.0
8727-XDPUD,1.0
4291-YZODP,1.0
2696-ECXKC,2.0
6108-OQZDQ,2.0
4282-MSACW,1.0
9927-DSWDF,1.0
3161-ONRWK,1.0
4061-UKJWL,2.0
3966-HRMZA,2.0
2307-FYNNL,2.0
3160-TYXLT,1.0
5681-LLOEI,3.0
6810-VCAEX,3.0
9950-MTGYX,3.0
3629-ZNKXA,1.0
9026-RNUJS,3.0
1910-FMXJM,1.0
2082-OJVTK,1.0
5804-LEPIM,1.0
2775-SEFEE,3.0
3091-FYHKI,2.0
1565-RHDJD,
6923-EFPNL,3.0
8779-YIQQA,3.0
9412-ARGBX,3.0
7537-RBWEA,4.0
6734-FQAJX,3.0
6840-RESVB,
3604-WLABM,3.0
5150-ITWWB,3.0
8277-RVRSV,3.0
2263-SFSQZ,3.0
8439-LTUGF,4.0
1298-PHBTI,
2305-MRGLV,3.0
6923-JHPMP,4.0
0432-CAJZV,3.0
1705-GUHPV,4.0
1395-WSWXR,3.0
6370-ZVHDV,5.0
3957-SQXML,4.0
2927-CVULT,3.0
7762-URZQH,3.0
7339-POGZN,
1541-ETJZO,
9828-QHFBK,
7337-CINUD,5.0
7148-XZPHA,4.0
6522-YRBXD,3.0
9560-BBZXK,3.0
4616-EWBNJ,3.0
0191-ZHSKZ,3.0
5656-MJEFC,3.0
7850-THJMU,4.0
5868-CZJDR,5.0
3853-LYGAM,
7795-CFOCW,5.0
8017-LXHFA,4.0
4855-SNKMY,3.0
2408-PSJVE,5.0
6023-YEBUP,3.0
8944-AILEF,5.0
9477-LGWQI,
2798-NYLMZ,4.0
2122-YWVYA,3.0
1376-HHBDV,5.0
2311-QYMUQ,3.0
9822-WMWVG,4.0
3239-TPHPZ,5.0
4291-HYEBC,5.0
1173-NOEYG,3.0
9701-CDXHR,3.0
4310-KEDTB,4.0
6418-PIQSP,3.0
3214-IYUUQ,4.0
3474-BAFSJ,4.0
6161-UUUTA,
7892-QVYKW,3.0
0078-XZMHT,5.0
5438-QMDDL,
3834-XUIFC,3.0
8345-MVDYC,
0678-RLHVP,3.0
5846-QFDFI,5.0
8587-XYZSF,3.0
6736-DHUQI,
3370-GQEAL,4.0
8670-ERCJH,
9778-OGKQZ,4.0
4958-XCBDQ,5.0
7083-MIOPC,3.0
4716-HHKQH,4.0
3530-CRZSB,5.0
7131-ZQZNK,3.0
5271-YNWVR,5.0
5294-IMHHT,3.0
4713-ZBURT,3.0
0315-LVCRK,
6689-VRRTK,
1550-LOAHA,
9277-JOOMO,
3351-NGXYI,4.0
7521-YXVZY,5.0
8745-PVESG,3.0
2680-XKKNJ,4.0
9069-LGEUL,3.0
0362-ZBZWJ,3.0
7009-PCARS,5.0
0098-BOWSO,5.0
7869-ZYDST,4.0
5515-AKOAJ,3.0
3737-XBQDD,
2103-ZRXFN,4.0
4317-VTEOA,5.0
4193-ORFCL,4.0
2129-ALKBS,5.0
1709-EJDOX,3.0
5751-USDBL,5.0
2826-DXLQO,4.0
6860-YRJZP,3.0
7064-JHXCE,5.0
6725-TPKJO,4.0
9385-NXKDA,3.0
6993-OHLXR,3.0
8100-PNJMH,3.0
9314-IJWSQ,4.0
6374-NTQLP,3.0
5448-VWNAM,4.0
8290-YWKHZ,5.0
6994-FGRHH,3.0
3338-CVVEH,4.0
5630-AHZIL,4.0
2197-OMWGI,3.0
9530-GRMJG,5.0
6814-ZPWFQ,4.0
7727-SHVZV,4.0
4701-MLJPN,3.0
1347-KTTTA,3.0
9880-TDQAC,3.0
9000-PLFUZ,5.0
1725-IQNIY,
6005-OBZPH,5.0
0231-LXVAP,3.0
2907-ILJBN,
8374-UULRV,3.0
4558-FANTW,3.0
7228-PAQPD,3.0
2984-AFWNC,4.0
3410-MHHUM,4.0
3445-HXXGF,5.0
3643-AHCFP,4.0
6502-MJQAE,4.0
3694-GLTJM,5.0
9140-CZQZZ,4.0
2055-BFOCC,3.0
3417-TSCIC,3.0
8548-AWOFC,4.0
2506-CLAKW,3.0
8035-BUYVG,3.0
6473-ULUHT,3.0
7945-HLKEA,4.0
7969-AULMZ,4.0
1636-NTNCO,
9577-WJVCQ,3.0
9677-AVKED,4.0
5616-PRTNT,5.0
2256-YLYLP,3.0
4324-AHJKS,
8325-QRPZR,4.0
4277-BWBML,
4905-JEFDW,3.0
6328-ZPBGN,5.0
6542-LWGXJ,4.0
8364-TRMMK,4.0
4801-KFYKL,3.0
5153-RTHKF,3.0
5013-SBUIH,3.0
4238-HFHSN,4.0
7379-POKDZ,4.0
1996-DBMUS,5.0
0623-EJQEG,3.0
3654-ARMGP,3.0
5485-WUYWF,3.0
8780-RSYYU,4.0
3727-RJMEO,4.0
0394-YONDK,3.0
4804-NCPET,4.0
9391-LMANN,4.0
8547-NSBBO,4.0
3753-TSEMP,3.0
1052-QJIBV,3.0
3787-TRIAL,5.0
4951-UKAAQ,4.0
8937-RDTHP,3.0
2509-TFPJU,4.0
2931-XIQBR,5.0
4583-PARNH,5.0
0810-BDHAW,
1216-JWVUX,3.0
5940-NFXKV,3.0
0822-QGCXA,3.0
4458-KVRBJ,4.0
4451-RWASJ,3.0
3678-MNGZX,
7577-SWIFR,4.0
8685-WHQPW,4.0
0665-XHDJU,
3472-QPRCH,3.0
9221-OTIVJ,3.0
1480-IVEVR,3.0
2896-TBNBE,3.0
3572-UUHRS,
4143-OOBWZ,3.0
8292-ITGYJ,3.0
6497-TILVL,5.0
3096-JRDSO,4.0
4439-JMPMT,4.0
3804-RVTGV,3.0
5222-JCXZT,3.0
0757-WCUUZ,4.0
5419-JKZNQ,5.0
0843-WTBXE,4.0
1724-IQWNM,5.0
0815-MFZGM,4.0
7746-QYVCO,4.0
2234-XADUH,4.0
7639-LIAYI,5.0
2240-HSJQD,3.0
3352-ALMCK,5.0
6352-TWCAU,3.0
1360-RCYRT,4.0
1518-VOWAV,4.0
9681-OXGVC,4.0
2192-OZITF,3.0
4191-XOVOM,3.0
2371-JQHZZ,4.0
1660-HSOOQ,3.0
3259-KNMRR,5.0
0390-DCFDQ,
9853-JFZDU,5.0
1061-PNTHC,4.0
8871-JLMHM,4.0
8328-SKJNO,4.0
8920-NAVAY,4.0
3167-SNQPL,3.0
8884-ADFVN,5.0
4903-CNOZC,3.0
7764-BDPEE,4.0
3815-SLMEF,4.0
5698-BQJOH,5.0
5529-GIBVH,3.0
2758-RNWXS,3.0
3057-VJJQE,5.0
3324-OIRTO,5.0
4013-UBXWQ,3.0
9746-UGFAC,5.0
7161-DFHUF,5.0
5148-HKFIR,3.0
3982-DQLUS,5.0
1522-VVDMG,3.0
3347-YJZZE,3.0
8932-CZHRQ,4.0
0106-GHRQR,4.0
9375-MHRRS,4.0
5327-XOKKY,3.0
4112-LUEIZ,3.0
9968-FFVVH,4.0
6096-EGVTU,3.0
1525-LNLOJ,4.0
7056-IMHCC,4.0
1614-JBEBI,
7895-VONWT,5.0
0618-XWMSS,3.0
4250-FDVOU,5.0
1663-MHLHE,
4803-LBYPN,5.0
7534-BFESC,5.0
5220-AGAAX,3.0
4468-KAZHE,5.0
2357-COQEK,4.0
6713-OKOMC,3.0
5301-GAUUY,5.0
9867-JCZSP,5.0
8182-BJDSI,5.0
4349-GFQHK,3.0
2737-WFVYW,5.0
4459-BBGHE,3.0
8676-TRMJS,3.0
6038-GCYEC,
1456-TWCGB,
9881-VCZEP,3.0
0042-JVWOJ,3.0
2346-CZYIL,3.0
1386-ZIKUV,5.0
8495-PRWFH,5.0
3009-JWMPU,5.0
5442-BXVND,3.0
6624-JDRDS,4.0
1621-YNCJH,3.0
6210-KBBPI,3.0
8562-GHPPI,3.0
9337-SRRNI,4.0
8010-EZLOU,5.0
3855-ONCAR,5.0
3090-HAWSU,3.0
5376-DEQCP,3.0
7115-IRDHS,3.0
7831-QGOXH,
2108-YKQTY,5.0
0885-HMGPY,4.0
9985-MWVIX,3.0
8791-GFXLZ,4.0
5671-UUNXD,4.0
7298-IZWLY,5.0
0550-DCXLH,3.0
0423-UDIJQ,4.0
6297-NOOPG,4.0
7980-MHFLQ,
3096-WPXBT,5.0
3764-MNMOI,3.0
0196-VULGZ,4.0
9851-QXEEQ,3.0
9249-FXSCK,5.0
6979-ZNSFF,3.0
2400-FEQME,3.0
8884-MRNSU,3.0
8713-IGZSO,5.0
6919-ELBGL,3.0
5893-KCLGT,5.0
6837-BJYDQ,3.0
6221-AVQYL,5.0
2005-DWQZJ,3.0
7501-IWUNG,5.0
5207-PLSTK,3.0
1571-SAVHK,4.0
2931-FSOHN,4.0
2172-EJXVF,4.0
1142-IHLOO,3.0
5777-KJIRB,
2252-NKNSI,5.0
4350-ZTLPI,3.0
9847-HNVGP,3.0
0311-QYWSS,4.0
3525-DVKFN,
0690-SRQID,4.0
3594-IVHJZ,3.0
9483-GCPWE,4.0
0168-XZKBB,3.0
3976-BWUCK,
2683-JXWQQ,3.0
3569-JFODW,3.0
0602-DDUML,5.0
0617-AQNWT,4.0
7779-ORAEL,4.0
6537-QLGEX,3.0
2220-IAHLS,4.0
4549-ZDQYY,4.0
5602-BVFMK,3.0
6140-QNRQQ,3.0
2642-MAWLJ,
3692-JHONH,
8003-EWNDZ,
2925-VDZHY,3.0
8601-QACRS,4.0
8757-TFHHJ,4.0
0840-DFEZH,3.0
0823-HSCDJ,4.0
9099-FTUHS,
7996-MHXLW,4.0
2545-LXYVJ,
4546-FOKWR,3.0
1013-QCWAM,3.0
5457-COLHT,5.0
2126-GSEGL,3.0
6614-VBEGU,4.0
7923-IYJWY,3.0
1169-WCVAK,4.0
5555-RNPGT,5.0
9848-JQJTX,3.0
2632-UCGVD,5.0
3219-JQRSL,4.0
0930-EHUZA,4.0
6630-UJZMY,3.0
4484-GLZOU,4.0
4067-HLYQI,3.0
1357-MVDOZ,5.0
7901-HXJVA,
0505-SPOOW,4.0
0365-BZUWY,4.0
3620-MWJNE,4.0
2038-LLMLM,5.0
6599-GZWCM,5.0
3178-FESZO,3.0
3518-FSTWG,3.0
0057-QBUQH,3.0
1020-JPQOW,4.0
6689-KXGBO,4.0
8849-AYPTR,4.0
4719-UMSIY,5.0
5498-TXHLF,4.0
9565-DJPIB,4.0
0023-XUOPT,4.0
4895-TMWIR,5.0
3466-WAESX,3.0
1074-WVEVG,5.0
5512-IDZEI,3.0
1728-BQDMA,5.0
8735-SDUFN,4.0
6252-DFGTK,3.0
8621-MNIHH,3.0
6849-WLEYG,5.0
4685-ERGHK,3.0
3428-MMGUB,3.0
4455-BFSPD,3.0
6479-OAUSD,4.0
0461-CVKMU,3.0
2169-RRLFW,
8819-ZBYNA,3.0
7465-ZZRVX,3.0
2530-ENDWQ,
0440-UEDAI,3.0
3278-FSIXX,
5546-BYZSM,
0727-IWKVK,4.0
7571-YXDAD,5.0
6823-SIDFQ,3.0
3758-CKOQL,4.0
2654-VBVPB,3.0
0318-ZOPWS,4.0
2746-DIJLO,3.0
7480-SPLEF,4.0
9112-WSNPU,3.0
2959-MJHIC,3.0
9644-KVCNC,4.0
2314-TNDJQ,4.0
3716-BDVDB,5.0
0744-GKNGE,4.0
5562-YJQGT,3.0
8361-LTMKD,3.0
7562-UXTPG,3.0
1833-TCXKK,3.0
5847-MXBEO,4.0
9611-CTWIH,
5697-GOMBF,
4559-UWIHT,4.0
1444-VVSGW,3.0
0107-YHINA,3.0
7734-DBOAI,4.0
7206-GZCDC,5.0
8356-WUAOJ,
2202-OUTMO,5.0
3280-MRDOF,3.0
4800-VHZKI,4.0
5449-FIBXJ,4.0
4973-MGTON,4.0
4911-BANWH,4.0
9837-FWLCH,5.0
1658-BYGOY,3.0
4541-RMRLG,3.0
8963-MQVYN,3.0
9509-MPYOD,
6509-TSGWN,4.0
6360-SVNWV,3.0
2748-MYRVK,5.0
9585-KKMFD,5.0
2150-WLKUW,4.0
3850-OKINF,5.0
3439-GVUSX,3.0
7674-YTAFD,
2792-LSHWX,
3585-ISXZP,5.0
1345-GKDZZ,
8375-DKEBR,4.0
7479-NITWS,5.0
6248-BSHKG,4.0
3069-SSVSN,3.0
7675-OZCZG,4.0
2650-GYRYL,3.0
6440-DKQGE,4.0
2101-RANCD,4.0
0603-TPMIB,3.0
7872-RDDLZ,3.0
8566-YPRGL,5.0
1689-YQBYY,3.0
0961-ZWLVI,4.0
9822-OAOVB,4.0
0971-QIFJK,3.0
9788-HNGUT,4.0
2320-YKQBO,
4360-PNRQB,
2077-MPJQO,4.0
6427-FEFIG,3.0
5356-CSVSQ,3.0
7315-WYOAW,5.0
4508-OEBEY,
1907-YLNYW,3.0
1301-LOPVR,5.0
0277-BKSQP,
9863-JZAIC,
0530-IJVDB,
9089-UOWJG,3.0
0481-SUMCB,3.0
5193-QLVZB,3.0
8097-VBQTZ,4.0
6480-YAGIY,4.0
5609-IMCGG,3.0
3865-ZYKAD,3.0
8668-KNZTI,3.0
2577-GVSIL,4.0
7254-IQWOZ,3.0
9702-AIUJO,5.0
1394-SUIUH,3.0
4059-IIEBK,4.0
9526-BIHHD,4.0
4029-HPFVY,4.0
3413-DHLPB,4.0
2717-HVIZY,3.0
2511-ALLCS,3.0
5150-LJNSR,
0484-FFVBJ,3.0
3251-YMVWZ,3.0
1407-DIGZV,5.0
1875-QIVME,3.0
4376-KFVRS,3.0
3900-AQPHZ,3.0
2026-TGDHM,4.0
3404-JNXAX,5.0
6647-ZEDXT,4.0
5813-UECBU,4.0
6692-YQHXC,
4884-ZTHVF,4.0
5577-OTWWW,4.0
7312-XSBAT,
4361-FEBGN,4.0
5820-PTRYM,3.0
1027-LKKQQ,3.0
4353-HYOJD,3.0
0960-HUWBM,4.0
7234-FECYN,3.0
3318-ISQFQ,5.0
5649-ANRML,5.0
2851-MMUTZ,
6218-KNUBD,3.0
3442-ZHHCC,
4001-TSBTV,5.0
3190-XFANI,4.0
3621-CHYVB,3.0
5478-JJVZK,3.0
4002-BQWPQ,3.0
0748-RDGGM,3.0
6651-AZVTJ,
1031-IIDEO,5.0
1000-AJSLD,4.0
0988-JRWWP,3.0
5828-DWPIL,
6771-XWBDM,
1728-CXQBE,
9618-LFJRU,3.0
4488-KQFDT,4.0
9451-LPGOO,4.0
7544-ZVIKX,3.0
9447-YPTBX,3.0
5236-XMZJY,3.0
2475-MROZF,
7314-OXENN,
1428-GTBJJ,4.0
0829-DDVLK,3.0
4634-JLRJT,3.0
7325-ENZFI,
8020-BWHYL,3.0
1360-JYXKQ,4.0
5485-ITNPC,3.0
2634-HCZGT,5.0
2272-QAGFO,5.0
3707-LRWZD,4.0
9507-HSMMZ,5.0
7562-GSUHK,3.0
8984-HPEMB,5.0
1794-HBQTJ,3.0
3812-LRZIR,3.0
1697-LYYYX,3.0
6393-WRYZE,5.0
9061-TIHDA,3.0
6994-ORCWG,
6778-JFCMK,4.0
5896-NPFWW,3.0
5365-LLFYV,3.0
7159-FVYPK,3.0
3808-HFKDE,4.0
9025-AOMKI,3.0
2378-VTKDH,4.0
2773-MADBQ,3.0
2324-AALNO,5.0
6265-FRMTQ,4.0
3045-XETSH,4.0
0872-NXJYS,
4248-HCETZ,
6959-UWKHF,3.0
4903-UYAVB,4.0
7382-DFJTU,5.0
3672-YITQD,5.0
9373-WSLOY,4.0
1134-YWTYF,4.0
3750-CKVKH,4.0
7602-DBTOU,3.0
0906-QVPMS,3.0
2740-TVLFN,
6924-TDGMT,3.0
2625-TRCZQ,4.0
2669-OIDSD,3.0
5986-WWXDV,3.0
7803-XOCCZ,3.0
6500-JVEGC,3.0
0011-IGKFF,
8217-QYOHV,5.0
6390-DSAZX,
2533-QVMSK,5.0
3557-HTYWR,3.0
7190-XHTWJ,4.0
3148-BLQJT,5.0
9067-YGSCA,3.0
9121-PHQSR,
4526-ZJJTM,5.0
5115-GZDEL,3.0
0107-WESLM,4.0
4115-BNPJY,5.0
5035-PGZXH,3.0
8395-ETZKQ,3.0
1352-VHKAJ,5.0
4312-GVYNH,
5375-XLDOF,3.0
5574-NXZIU,3.0
1834-WULEG,3.0
6047-YHPVI,4.0
1587-FKLZB,4.0
6546-OPBBH,3.0
4572-DVCGN,3.0
7302-ZHMHP,3.0
6518-PPLMZ,3.0
2379-GYFLQ,5.0
0604-THJFP,5.0
6421-SZVEM,3.0
5536-RTPWK,3.0
7526-BEZQB,5.0
0924-BJCRC,4.0
6559-RAKOZ,3.0
5133-VRSAB,4.0
6015-VVHHE,3.0
2040-OBMLJ,3.0
3566-HJGPK,3.0
4745-LSPLO,4.0
9619-GSATL,3.0
9788-YTFGE,4.0
8314-HTWVE,3.0
4077-HWUYD,
3898-GUYTS,5.0
9658-WYUFB,3.0
5035-BVCXS,
3551-GAEGL,5.0
1852-QSWCD,4.0
1794-SWWKL,3.0
6856-RAURS,3.0
3511-BFTJW,4.0
1137-DGOWI,5.0
0207-MDKNV,3.0
3763-GCZHZ,4.0
1474-JUWSM,5.0
5651-CPDND,4.0
6950-TWMYB,
5606-AMZBO,4.0
1230-QAJDW,4.0
3750-YHRYO,4.0
0943-ZQPXH,3.0
5827-MWCZK,3.0
1205-WNWPJ,
1895-QTKDO,3.0
9681-KYGYB,3.0
0193-ESZXP,3.0
7089-IVVAZ,4.0
5995-WWKKG,4.0
0537-QYZZN,4.0
1193-RTSLK,4.0
9481-IEBZY,4.0
8840-DQLGN,
1488-PBLJN,5.0
9825-YCXWZ,4.0
9173-IVZVP,3.0
9844-FELAJ,3.0
9332-GYWLO,5.0
9896-UYMIE,4.0
4547-LYTDD,5.0
6625-FLENO,3.0
2030-BTZRO,3.0
2672-DZUOY,3.0
0263-FJTQO,3.0
5402-HTOTQ,3.0
6115-ZTBFQ,
2251-PYLPB,3.0
8946-BFWSG,3.0
6769-DCQLI,5.0
7952-OBOYL,
3301-VKTGC,4.0
0621-TWIEM,5.0
3280-NMUVX,4.0
0374-FIUCA,4.0
2988-PLAHS,5.0
7252-NTGSS,4.0
3413-CSSTH,4.0
9359-UGBTK,3.0
5795-BKOYE,4.0
7072-MBHEV,4.0
6620-JDYNW,3.0
4633-MKHYU,5.0
4121-AGSIN,3.0
9885-MFVSU,4.0
5569-IDSEY,4.0
2812-REYAT,5.0
3170-GWYKC,5.0
9903-LYSAB,3.0
0980-PVMRC,4.0
9873-MNDKV,3.0
9114-VEPUF,
4690-LLKUA,3.0
7663-YJHSN,3.0
6311-UEUME,4.0
0301-KOBTQ,
1536-HBSWP,3.0
4730-AWNAU,4.0
0733-VUNUW,3.0
4402-FTBXC,3.0
7841-TZDMQ,4.0
7538-GWHML,4.0
4658-HCOHW,3.0
6229-LSCKB,4.0
2234-EOFPT,3.0
3978-YNKDD,5.0
9480-BQJEI,3.0
3794-NFNCH,3.0
8261-GWDBQ,5.0
9367-WXLCH,4.0
5186-EJEGL,3.0
8582-KRHPJ,4.0
8816-VXNZD,4.0
4063-EIKNQ,3.0
4318-RAJVY,3.0
4123-DVHPH,
6833-JMZYP,3.0
0112-QWPNC,3.0
2176-LVPNX,5.0
9929-PLVPA,3.0
4910-AQFFX,4.0
5144-TVGLP,4.0
2632-IVXVF,3.0
6199-IPCAO,5.0
9445-ZUEQE,3.0
8532-UEFWH,4.0
3701-SFMUH,3.0
3451-VAWLI,4.0
3198-VELRD,
0151-ONTOV,4.0
0898-XCGTF,4.0
8644-XYTSV,3.0
4231-LZUYM,5.0
5155-AZQPB,5.0
9501-UKKNL,3.0
0707-HOVVN,3.0
1095-JUDTC,
8413-YNHNV,3.0
4671-LXRDQ,4.0
5320-BRKGK,3.0
0419-YAAPX,3.0
6918-UMQCG,4.0
2320-JRSDE,3.0
3528-HFRIQ,4.0
2709-UQGNP,3.0
3640-JQGJG,5.0
4588-YBNIB,4.0
5712-PTIWW,
6439-LAJXL,
0212-ISBBF,5.0
6837-HAEVO,3.0
1293-BSEUN,3.0
2656-TABEH,
6870-ECSHE,3.0
0625-AFOHS,3.0
7089-XXAYG,4.0
7643-RCHXS,3.0
2141-RRYGO,3.0
0093-XWZFY,3.0
8735-NBLWT,3.0
4471-KXAUH,5.0
1679-JRFBR,3.0
1084-MNSMJ,5.0
2990-IAJSV,3.0
8111-RKSPX,3.0
0575-CUQOV,4.0
0719-SYFRB,3.0
5336-UFNZP,
2809-ILCYT,4.0
1492-QGCLU,4.0
8970-ANWXO,5.0
7954-MLBUN,3.0
6457-GIRWB,4.0
8910-ICHIU,3.0
6402-EJMWF,
2453-SAFNS,3.0
4389-UEFCZ,5.0
2719-BDAQO,
3884-UEBXB,4.0
6416-YJTTB,4.0
2209-XADXF,3.0
5676-CFLYY,4.0
7639-SUPCW,
4853-OITSN,3.0
2694-CIUMO,4.0
1374-DMZUI,5.0
7328-ZJAJO,4.0
1951-IEYXM,5.0
0533-BNWKF,3.0
9576-SYUHJ,4.0
5089-IFSDP,5.0
3976-HXHCE,3.0
9986-BONCE,3.0
7519-JTWQH,3.0
7274-CGTOD,3.0
2984-MIIZL,5.0
2722-JMONI,5.0
7492-TAFJD,4.0
0139-IVFJG,
9809-IMGCQ,3.0
2363-BJLSL,4.0
1891-UAWWU,3.0
6567-HOOPW,3.0
9845-PEEKO,3.0
6032-IGALN,3.0
2452-MRMZF,3.0
3546-GHEAE,3.0
0895-DQHEW,4.0
4320-QMLLA,
2519-ERQOJ,3.0
8329-GWVPJ,
2984-RGEYA,5.0
3209-ZPKFI,
4635-EJYPD,3.0
8580-AECUZ,4.0
1597-LHYNC,3.0
8143-ETQTI,4.0
9274-CNFMO,5.0
7670-ZBPOQ,4.0
3648-GZPHF,5.0
5057-LCOUI,4.0
3022-BEXHZ,3.0
7136-IHZJA,3.0
0661-WCQNQ,4.0
9391-DXGGG,3.0
3985-HOYPM,3.0
1264-FUHCX,4.0
8226-BXGES,
5729-KLZAR,5.0
8007-YYPWD,3.0
1051-EQPZR,3.0
6029-WTIPC,5.0
8625-AZYZY,3.0
8189-DUKMV,5.0
9058-CBREO,3.0
9348-ROUAI,4.0
6060-DRTNL,3.0
4510-PYUSH,5.0
0188-GWFLE,4.0
2834-JRTUA,4.0
6075-SLNIL,3.0
6905-NIQIN,5.0
4086-WITJG,
9152-AMKAK,3.0
2955-BJZHG,3.0
6496-SLWHQ,5.0
1213-NGCUN,4.0
1784-EZDKJ,5.0
5759-RCVCB,4.0
2971-SGAFL,5.0
3824-RHKVR,4.0
1015-JPFYW,5.0
0220-EBGCE,3.0
6036-TTFYU,4.0
6341-AEVKX,5.0
9239-GZHZE,5.0
2189-WWOEW,4.0
5732-IKGQH,5.0
0925-VYDLG,4.0
4464-JCOLN,3.0
8404-GFGCZ,4.0
3468-DRVQJ,4.0
5840-NVDCG,3.0
6574-MCOEH,3.0
7361-YPXFS,3.0
2868-LLSKM,3.0
9189-JWSHV,3.0
3908-BLSYF,3.0
3039-MJSLN,5.0
7601-GNDYK,5.0
4749-OJKQU,4.0
5906-BFOZT,
1866-OBPNR,5.0
7673-BQGKU,
6507-DTJZV,
5982-XMDEX,3.0
5504-WSIUR,3.0
9300-RENDD,4.0
0436-TWFFZ,3.0
3956-CJUST,4.0
9738-QLWTP,3.0
7718-UPSKJ,4.0
3842-QTGDL,3.0
0675-NCDYU,4.0
6366-XIVKZ,4.0
0704-VCUMB,5.0
6319-QSUSR,4.0
3961-SXAXY,4.0
7401-JIXNM,5.0
6379-RXJRQ,4.0
2279-AXJJK,3.0
9897-KXHCM,3.0
9824-BEMCV,3.0
2121-JAFOM,3.0
4256-ZWTZI,5.0
3721-WKIIL,3.0
8388-DMKAE,4.0
7826-VVKWT,
7817-OMJNA,4.0
4647-MUZON,
3544-FBCAS,5.0
6992-TKNYO,3.0
9426-SXNHE,4.0
4883-KCPZJ,3.0
5161-UBZXI,3.0
6705-LXORM,5.0
7951-VRDVK,5.0
8465-SBRXP,3.0
7576-OYWBN,5.0
0769-MURVM,4.0
7114-AEOZE,3.0
3646-ITDGM,4.0
4597-NUCQV,3.0
6227-FBDXH,3.0
2080-CAZNM,3.0
6257-DTAYD,3.0
5726-CVNYA,3.0
7641-TQFHN,4.0
9224-VTYID,4.0
0516-QREYC,3.0
3165-HDOEW,5.0
1697-BCSHV,5.0
8069-YQQAJ,4.0
8873-GLDMH,3.0
9750-BOOHV,4.0
2672-OJQZP,3.0
1775-KWJKQ,3.0
1212-GLHMD,3.0
7120-RFMVS,4.0
4729-XKASR,3.0
7711-YIJWC,3.0
6633-MPWBS,4.0
9639-BUJXT,5.0
4879-GZLFH,3.0
2219-MVUSO,4.0
6479-VDGRK,3.0
2323-ARSVR,4.0
5883-GTGVD,3.0
1450-GALXR,
7017-VFHAY,3.0
1226-IENZN,4.0
2266-FUBDZ,4.0
9931-DCEZH,4.0
3285-UCQVC,4.0
7774-OJSXI,4.0
4338-EYCER,5.0
3059-NGMXB,3.0
5213-TWWJU,
3050-RLLXC,4.0
9207-ZPANB,
2380-DAMQP,5.0
4544-RXFMG,4.0
3446-QDSZF,4.0
1100-DDVRV,3.0
7594-RQHXR,3.0
6654-QGBZZ,5.0
2055-PDADH,
8216-AZUUZ,5.0
8819-WFGGJ,4.0
9323-HGFWY,3.0
8746-OQQRW,
6591-QGOYB,4.0
2832-KJCRD,5.0
0587-DMGBH,4.0
3521-SYVOR,3.0
3387-VATUS,4.0
4419-UJMUS,3.0
7010-BRBUU,3.0
1506-YJTYT,4.0
2123-AGEEN,3.0
1207-BLKSA,4.0
7798-JVXYM,4.0
0134-XWXCE,3.0
9970-QBCDA,3.0
9564-KCLHR,3.0
6907-CQGPN,3.0
5170-PTRKA,4.0
0734-OXWBT,3.0
5862-BRIXZ,3.0
6397-JNZZG,4.0
1872-EBWSC,4.0
7654-YWJUF,4.0
4632-PAOYU,
8204-TIFGJ,4.0
6496-JDSSB,3.0
7636-OWBPG,3.0
0365-TRTPY,4.0
2773-OVBPK,4.0
7927-AUXBZ,3.0
9350-VLHMB,3.0
0674-DGMAQ,3.0
1401-FTHFQ,5.0
8058-INTPH,3.0
4198-VFOEA,4.0
2848-YXSMW,3.0
3247-MHJKM,4.0
7129-ACFOG,3.0
1488-SYSFC,
9708-KFDBY,3.0
5206-HPJKM,3.0
6445-TNRXS,3.0
5122-CYFXA,5.0
7762-ONLJY,5.0
5178-LMXOP,4.0
9522-ZSINC,4.0
4289-DTDKW,5.0
3158-MOERK,3.0
8620-RJPZN,4.0
6078-VESFR,3.0
2676-OXPPQ,5.0
2898-LSJGD,5.0
5748-RNCJT,3.0
3938-YFPXD,5.0
1575-KRZZE,4.0
6797-LNAQX,4.0
6464-KEXXH,4.0
4685-TFLLS,
9631-RXVJM,3.0
3186-AJIEK,
9174-IHETN,4.0
5149-QYTTU,3.0
0253-ZTEOB,5.0
0030-FNXPP,3.0
4291-SHSBH,5.0
7613-LLQFO,5.0
4825-FUREZ,5.0
2812-ENYMO,4.0
6258-PVZWJ,4.0
8433-WXGNA,4.0
2025-JKFWI,5.0
0824-VWDPO,4.0
0334-GDDSO,4.0
7615-ESMYF,3.0
9817-APLHW,3.0
8066-POXGX,4.0
9225-BZLNZ,3.0
9488-HGMJH,
9782-LGXMC,4.0
8597-CTXVJ,5.0
1004-NOZNR,4.0
6845-RGTYS,3.0
8490-BXHEO,
8687-BAFGU,3.0
8756-RDDLT,3.0
3392-EHMNK,3.0
8510-BBWMU,5.0
3339-EAQNV,4.0
2146-EGVDT,3.0
5465-BUBFA,
0634-SZPQA,3.0
9391-TTOYH,5.0
8450-UYIBU,4.0
8627-EHGIP,3.0
8008-ESFLK,3.0
3221-CJMSG,3.0
1343-EHPYB,3.0
5172-RKOCB,4.0
4859-ZSRDZ,4.0
6447-GORXK,3.0
8387-UGUSU,4.0
8144-DGHXP,3.0
6368-NWMCE,5.0
8266-VBFQL,5.0
1984-GPTEH,3.0
0897-FEGMU,4.0
4462-CYWMH,4.0
2898-MRKPI,
6646-VRFOL,5.0
7771-ZONAT,5.0
0491-KAPQG,5.0
7663-ZTEGJ,
1178-PZGAB,3.0
1987-AUELQ,4.0
9926-PJHDQ,
7599-FKVXZ,3.0
1867-BDVFH,4.0
8749-CLJXC,5.0
6242-SGYTS,
2364-UFROM,3.0
9309-BZGNT,5.0
2114-MGINA,
4910-GMJOT,4.0
9297-EONCV,4.0
3642-GKTCT,5.0
9962-BFPDU,3.0
6061-GWWAV,3.0
8161-QYMTT,3.0
2037-XJFUP,5.0
9714-EDSUC,3.0
7633-MVPUY,4.0
5269-NRGDP,
8805-JNRAZ,
1131-QQZEB,3.0
4201-JMNGR,
6347-DCUIK,
7245-NIIWQ,
9931-KGHOA,3.0
2858-EIMXH,5.0
4140-WJAWW,3.0
8974-OVACP,5.0
5119-NZPTV,4.0
3256-EZDBI,3.0
8221-EQDGL,4.0
1722-LDZJS,3.0
0780-XNZFN,5.0
8879-XUAHX,3.0
9531-NSBMR,5.0
1262-OPMFY,4.0
3948-KXDUF,3.0
2703-AMTUL,
9174-FKWZE,5.0
6022-KOUQO,3.0
8046-DNVTL,5.0
1399-UBQIU,4.0
5569-OUICF,3.0
1328-EUZHC,5.0
5642-MHDQT,3.0
1043-UXOVO,5.0
0322-YINQP,5.0
0654-HMSHN,5.0
7459-IMVYU,4.0
9979-RGMZT,
3662-FXJFO,5.0
2810-FTLEM,3.0
1208-DNHLN,3.0
1453-RZFON,3.0
5766-FTRTS,4.0
9074-KGVOX,3.0
5406-KGRMX,4.0
3521-HTQTV,5.0
8242-JSVBO,5.0
3720-DBRWL,4.0
5275-SQEIZ,5.0
8129-GMVGI,4.0
3419-SNJJD,5.0
3669-OYSJI,3.0
5787-KXGIY,5.0
5652-MSDEY,
2243-FNMMI,3.0
2483-XSSMZ,3.0
6171-ZTVYB,3.0
0956-ACVZC,4.0
0013-EXCHZ,4.0
2393-DIVAI,5.0
7663-RGWBC,3.0
8450-LUGUK,3.0
1830-GGFNM,5.0
8898-KASCD,3.0
1309-BXVOQ,4.0
0230-UBYPQ,3.0
3910-MRQOY,3.0
0274-JKUJR,
5482-PLVPE,3.0
8383-SGHJU,4.0
4187-CINZD,4.0
9610-WCESF,
4973-RLZVI,4.0
9443-JUBUO,
9253-VIFJQ,3.0
6383-ZTSIW,
9837-BMCLM,3.0
7080-TNUWP,4.0
2167-FQSTQ,4.0
8212-CRQXP,5.0
4667-QONEA,4.0
0839-QNXME,
6368-TZZDT,5.0
2832-SCUCO,5.0
1934-MKPXS,3.0
3174-RKMOW,3.0
0013-SMEOE,4.0
8107-KNCIM,3.0
3633-CDBUW,
9967-ATRFS,5.0
1989-PRJHP,3.0
2107-FBPTK,3.0
9821-BESNZ,4.0
2262-SLNVK,4.0
5970-GHJAW,4.0
1622-HSHSF,3.0
9367-OIUXP,3.0
5522-NYKPB,3.0
6304-IJFSQ,
5875-YPQFJ,4.0
8672-OAUPW,4.0
8079-XRJRS,
1814-DKOLC,4.0
9385-EHGDO,4.0
9776-CLUJA,
1936-CZAKF,3.0
4359-INNWN,4.0
3657-COGMW,3.0
5458-CQJTA,4.0
4779-ZGICK,
5063-IUOKK,4.0
1635-HDGFT,4.0
8190-ZTQFB,
5515-IDEJJ,4.0
8634-CILSZ,4.0
8949-JTMAY,5.0
7919-ZODZZ,3.0
5087-SUURX,3.0
8747-UDCOI,5.0
7112-OPOTK,5.0
9170-CCKOU,3.0
5372-FBKBN,5.0
8080-POTJR,
9818-XQCUV,4.0
4936-YPJNK,5.0
0248-IPDFW,5.0
5299-RULOA,5.0
6386-SZZKH,4.0
0430-IHCDJ,5.0
2692-BUCFV,3.0
8467-WYNSR,4.0
5317-FLPJF,3.0
5914-DVBWJ,4.0
8374-XGEJJ,3.0
3429-IFLEM,5.0
9300-AGZNL,5.0
6303-KFWSL,4.0
9987-LUTYD,4.0
7876-BEUTG,3.0
7929-SKFGK,4.0
2834-SPCJV,3.0
8671-KKKOS,3.0
8309-PPCED,
8717-VCTXJ,4.0
5791-KAJFD,3.0
4782-OSFXZ,5.0
6806-YDEUL,5.0
2995-UPRYS,3.0
5075-JSDKI,
9770-LXDBK,3.0
4933-BSAIP,3.0
1640-PLFMP,3.0
6323-AYBRX,3.0
1389-CXMLU,
5868-YTYKS,4.0
9570-KYEUA,3.0
2480-SQIOB,4.0
6376-GAHQE,4.0
5956-VKDTT,3.0
3050-GBUSH,5.0
4433-JCGCG,3.0
8647-SDTWQ,5.0
8750-QWZAJ,5.0
0320-JDNQG,3.0
6302-JGYRJ,4.0
5727-MYATE,4.0
5542-DHSXL,
6513-EECDB,5.0
0807-ZABDG,3.0
9537-JALFH,5.0
7860-UXCRM,4.0
1921-KYSAY,4.0
9030-QGZNL,5.0
7073-QETQY,3.0
2250-IVBWA,5.0
4011-ARPHK,3.0
5240-IJOQT,5.0
1849-RJYIG,3.0
2351-BKRZW,4.0
5605-IYGFG,3.0
3898-BSJYF,3.0
1427-VERSM,3.0
2604-IJPDU,4.0
0412-UCCNP,5.0
9674-EHPPG,4.0
7247-XOZPB,4.0
8232-UTFOZ,4.0
5626-MGTUK,4.0
1840-BIUOG,4.0
4891-NLUBA,4.0
9659-ZTWSM,3.0
5032-MIYKT,3.0
4304-TSPVK,3.0
6458-CYIDZ,3.0
3594-KADLU,5.0
6985-HAYWX,5.0
7979-CORPM,3.0
1494-EJZDW,5.0
2753-JMMCV,5.0
6185-TASNN,3.0
6653-CBBOM,4.0
3537-HPKQT,5.0
2439-LYPMQ,3.0
0082-LDZUE,
2580-ASVVY,5.0
8879-ZKJOF,3.0
8739-WWKDU,4.0
2673-ZALNP,
0383-CLDDA,4.0
4135-FRWKJ,4.0
3620-EHIMZ,
2371-KFUOG,4.0
7820-ZYGNY,
7216-EWTRS,3.0
9885-AIBVB,3.0
0361-HJRDX,3.0
0895-LMRSF,4.0
3473-XIIIT,
5982-PSMKW,5.0
8393-JMVMB,5.0
5712-AHQNN,3.0
1228-ZLNBX,3.0
1319-YLZJG,4.0
3658-QQJYD,3.0
4558-CGYCZ,4.0
0788-DXBFY,5.0
3803-KMQFW,4.0
9470-RTWDV,5.0
2739-CCZMB,4.0
9107-UKCKY,3.0
5598-IKHQQ,3.0
7176-WRTNX,5.0
4947-DSMXK,4.0
4412-YLTKF,4.0
7044-YAACC,5.0
6719-OXYBR,3.0
6732-VAILE,4.0
9940-HPQPG,4.0
6963-EZQEE,3.0
0117-LFRMW,3.0
2207-OBZNX,3.0
5243-SAOTC,5.0
0052-DCKON,3.0
7410-OIEDU,3.0
4709-LKHYG,4.0
5893-PYOLZ,4.0
6960-HVYXR,
6538-POCHL,5.0
9154-QDGTH,4.0
6253-GNHWH,3.0
5993-JSUWV,4.0
5709-LVOEQ,4.0
4369-HTUIF,4.0
7839-QRKXN,4.0
3668-QPYBK,4.0
7138-GIRSH,3.0
7244-KXYZN,3.0
3785-KTYSH,
6691-CCIHA,3.0
7404-JLKQG,3.0
4939-KYYPY,5.0
1110-KYLGQ,4.0
7799-DSEWS,3.0
0191-EQUUH,3.0
4833-QTJNO,3.0
7343-EOBEU,3.0
4760-THGOT,5.0
5469-CTCWN,4.0
2387-KDZQY,5.0
2153-MREFK,3.0
3194-ORPIK,4.0
5816-SCGFC,4.0
4654-ULTTN,3.0
0727-BNRLG,3.0
4298-OYIFC,
0512-FLFDW,4.0
0114-RSRRW,3.0
5605-XNWEN,3.0
8659-HDIYE,3.0
7503-ZGUZJ,4.0
8752-STIVR,5.0
6184-DYUOB,
0442-ZXKVS,3.0
7977-HXJKU,
2236-HILPA,4.0
1121-QSIVB,3.0
8319-QBEHW,4.0
4013-TLDHQ,3.0
5889-LFOLL,5.0
3521-MNKLV,5.0
0771-CHWSK,3.0
1270-XKUCC,3.0
6754-LZUKA,
2322-VCZHZ,3.0
4537-CIBHB,3.0
3021-VLNRJ,
0947-MUGVO,3.0
5242-UOWHD,
5175-AOBHI,3.0
1452-VOQCH,5.0
0921-OHLVP,5.0
1696-HXOWK,3.0
7515-LODFU,4.0
2706-QZIHY,4.0
3066-RRJIO,3.0
1025-FALIX,4.0
6416-TVAIH,3.0
7892-POOKP,3.0
9921-QFQUL,5.0
9565-FLVCG,5.0
4815-TUMEQ,5.0
1627-AFWVJ,5.0
2522-WLNSF,3.0
7593-XFKDI,3.0
9874-QLCLH,5.0
1732-FEKLD,3.0
6080-TCMYC,3.0
1585-MQSSU,5.0
8118-TJAFG,5.0
6128-DAFVY,4.0
5945-AZYHT,
5566-SOEZD,3.0
1177-XZBJL,5.0
9269-CQOOL,4.0
5311-IHLEI,4.0
4472-VESGY,3.0
9399-APLBT,5.0
3378-AJRAO,3.0
6332-FBZRI,4.0
9504-DSHWM,3.0
9500-LTVBP,3.0
8259-NFJTV,3.0
4580-TMHJU,
5201-USSQZ,3.0
0320-DWVTU,3.0
6437-UKHMV,4.0
1032-MAELW,4.0
6969-MVBAI,4.0
2657-ALMWY,5.0
8740-CRYFY,3.0
8706-HRADD,3.0
5003-XZWWO,5.0
7811-JIVPF,3.0
8042-RNLKO,3.0
6267-DCFFZ,3.0
1656-DRSMG,4.0
5985-BEHZK,4.0
2133-TSRRM,3.0
9081-WWXKP,3.0
0580-PIQHM,4.0
6556-DBKZF,5.0
9754-CLVZW,4.0
1156-ZFYDO,5.0
5156-UMKOW,5.0
5248-KWLAR,
9537-VHDTA,3.0
5020-ZSTTY,
0684-AOSIH,
3547-LQRIK,3.0
8851-RAGOV,4.0
3179-GBRWV,
2040-XBAVJ,5.0
4988-IQIGL,5.0
7167-PCEYD,3.0
4299-SIMNS,
3740-RLMVT,4.0
5353-WILCI,4.0
4625-LAMOB,4.0
4174-LPGTI,5.0
3227-WLKLI,4.0
7976-CICYS,4.0
0929-HYQEW,5.0
4018-KJYUY,4.0
3550-SAHFP,3.0
2675-IJRGJ,3.0
1089-XZWHH,5.0
5666-MBJPT,3.0
1569-TTNYJ,5.0
4176-RELJR,4.0
1927-QEWMY,
7328-OWMOM,5.0
6181-AXXYF,3.0
0336-PIKEI,4.0
4522-AKYLR,3.0
5226-NOZFC,4.0
3166-PNEOF,3.0
2887-JPYLU,4.0
1206-EHBDD,4.0
9087-EYCPR,4.0
1099-BTKWT,5.0
0513-RBGPE,5.0
5383-MMTWC,5.0
9233-PSYHO,4.0
8775-ERLNB,
6778-YSNIH,3.0
5651-YLPRD,4.0
3656-TKRVZ,3.0
9955-QOPOY,5.0
1091-SOZGA,4.0
8606-OEGQZ,3.0
5997-OPVFA,3.0
3663-MITLP,4.0
3519-ZKXGG,3.0
4083-BFNYK,3.0
0743-HNPFG,4.0
3255-GRXMG,5.0
5337-IIWKZ,4.0
3092-IGHWF,3.0
8064-RAVOH,3.0
4227-OJHAL,3.0
3055-VTCGS,
3234-VKACU,3.0
6082-OQFBA,3.0
6283-GITPX,3.0
5180-UCIIQ,4.0
7963-SHNDT,4.0
7622-FWGEW,4.0
5153-LXKDT,3.0
9499-XPZXM,3.0
7968-QUXNS,4.0
5077-DXTCG,4.0
3800-LYTRK,5.0
5159-YFPKQ,
8540-ZQGEA,5.0
9117-SHLZX,4.0
1684-FLBGS,
8338-QIUNR,3.0
4083-EUGRJ,4.0
8152-UOBNY,5.0
8901-UPRHR,
9717-IOAAF,4.0
2087-QAREY,4.0
9318-NKNFC,4.0
0784-GTUUK,4.0
4631-OACRM,4.0
4872-JCVCA,
5482-VXSXJ,5.0
0365-GXEZS,3.0
9518-XXBXE,3.0
4522-XRWWI,4.0
3454-JFUBC,4.0
5619-XZZKR,
4660-IRIBM,
7698-YFGEZ,4.0
2478-EEWWM,3.0
9424-CMPOG,3.0
8000-REIQB,5.0
1291-CUOCY,5.0
4929-XIHVW,5.0
0463-ZSDNT,3.0
1131-SUEKT,5.0
0164-XAIRP,3.0
9909-IDLEK,3.0
3104-OWCGK,3.0
4075-WKNIU,3.0
3791-LGQCY,3.0
4188-FRABG,3.0
8124-NZVGJ,5.0
8148-NLEGT,4.0
2587-YNLES,3.0
9138-EFSMO,4.0
6030-REHUX,3.0
8495-LJDFO,3.0
1403-GYAFU,3.0
6625-UTXEW,
0468-YRPXN,3.0
4092-OFQZS,5.0
3466-BYAVD,4.0
4724-WXVWF,3.0
5569-KGJHX,4.0
9680-NIAUV,4.0
5959-BELXA,3.0
7876-AEHIG,4.0
6857-VWJDT,3.0
2616-FLVQC,4.0
6244-BESBM,5.0
0689-NKYLF,3.0
5918-VUKWP,3.0
0022-TCJCI,3.0
0515-YPMCW,5.0
2642-DTVCO,4.0
3969-JQABI,4.0
3373-DIUUN,3.0
6322-PJJDJ,3.0
1582-RAFML,
5348-CAGXB,3.0
4831-EOBFE,3.0
3786-WOVKF,3.0
3877-JRJIP,3.0
9572-WUKSB,3.0
7340-KEFQE,3.0
9938-ZREHM,3.0
2215-ZAFGX,3.0
7717-BICXI,3.0
0208-BPQEJ,5.0
3259-QMXUN,3.0
9283-LZQOH,3.0
7873-CVMAW,3.0
7123-WQUHX,
1480-BKXGA,3.0
0463-WZZKO,5.0
5175-WLYXL,
4854-CIDCF,3.0
8041-TMEID,4.0
0082-OQIQY,3.0
0222-CNVPT,5.0
1624-WOIWJ,3.0
7838-LAZFO,4.0
2999-AANRQ,3.0
2845-HSJCY,3.0
8224-KDLKN,
2242-MFOTG,3.0
5173-ZXXXL,4.0
2272-WUSPA,3.0
8378-LKJAF,3.0
4079-ULGFR,4.0
4873-ILOLJ,3.0
8344-WFMFH,3.0
2819-GWENI,4.0
2789-CZANW,5.0
9992-RRAMN,
9253-QXKBE,5.0
3266-FTKHB,3.0
7850-VWJUU,
4785-NKHCX,5.0
1641-RQDAY,4.0
8908-SLFCJ,4.0
0234-TEVTT,5.0
6476-EPYZR,4.0
9601-BRXPO,5.0
8092-NLTGF,4.0
6917-FIJHC,4.0
8670-MEFCP,4.0
4628-CTTLA,
7427-AUFPY,3.0
6827-IEAUQ,4.0
9462-MJUAW,4.0
1410-RSCMR,3.0
3658-KIBGF,3.0
7905-TVXTA,3.0
6435-VWCCY,4.0
7409-JURKQ,4.0
5329-KRDTM,3.0
2514-GINMM,4.0
1346-PJWTK,5.0
4983-CLMLV,4.0
6319-IEJWJ,
4115-UMJFQ,3.0
3049-SOLAY,4.0
6168-YBYNP,4.0
8903-XEBGX,3.0
4622-YNKIJ,3.0
0260-ZDLGK,4.0
3301-LSLWQ,3.0
3030-YZADT,4.0
7209-JCUDS,4.0
1518-OMDIK,3.0
2373-NTKOD,4.0
0661-XEYAN,4.0
3359-DSRKA,3.0
8096-LOIST,4.0
2176-OSJUV,5.0
7410-KTVFV,
4291-HPAXL,3.0
1261-FWTTE,3.0
2569-WGERO,4.0
5985-TBABQ,3.0
3714-XPXBW,3.0
2684-EIWEO,4.0
1579-KLYDT,5.0
8847-GEOOQ,5.0
4373-MAVJG,3.0
3192-LNKRK,4.0
9885-CSMWE,
7094-MSZAO,
5906-DVAPM,
3970-XGJDU,3.0
4648-YPBTM,4.0
6080-LNESI,3.0
6164-HAQTX,4.0
4501-UYKBC,5.0
3391-JSQEW,
9350-ZXYJC,3.0
6478-HRRCZ,4.0
2057-ZBLPD,5.0
7129-AZJDE,4.0
7163-OCEQI,3.0
9921-ZVRHG,5.0
3717-OEAUQ,3.0
7622-NXQZR,
2207-QPJED,3.0
6892-EZDTG,3.0
4945-RVMTE,4.0
1248-DYXUB,
2081-KJSQF,3.0
1853-ARAAQ,3.0
4423-YLHDV,5.0
6435-SRWBJ,
2923-ARZLG,3.0
2019-HDCZY,3.0
3556-BVQGL,5.0
0128-MKWSG,3.0
4119-ZYPZY,4.0
4116-IQRFR,3.0
3588-WSTTJ,4.0
5293-WXJAK,
4627-MIHJH,4.0
5074-FBGHB,5.0
4000-VGMQP,4.0
4770-UEZOX,
7029-IJEJK,
2342-CKIAO,5.0
5939-XAIXZ,3.0
5442-BHQNG,5.0
7422-WNBTY,3.0
6941-KXRRV,5.0
2581-VKIRT,5.0
9110-HSGTV,4.0
5766-ZJYBB,4.0
5136-RGMZO,4.0
8624-GIOUT,4.0
4800-CZMPC,3.0
1371-OJCEK,5.0
8565-WUXZU,5.0
5393-RXQSZ,5.0
9496-IVVRP,5.0
5183-SNMJQ,5.0
2972-YDYUW,
9862-KJTYK,3.0
0999-QXNSA,3.0
2378-HTWFW,4.0
3751-KTZEL,3.0
6904-JLBGY,4.0
6340-DACFT,3.0
9057-SIHCH,4.0
2955-PSXOE,3.0
1024-KPRBB,5.0
6568-POCUI,4.0
4896-CPRPF,4.0
6668-CNMFP,4.0
1661-CZBAU,3.0
4525-VZCZG,5.0
8748-HFWBO,
6981-TDRFT,4.0
9418-RUKPH,3.0
2088-IEBAU,5.0
4926-UMJZD,4.0
0280-XJGEX,4.0
6859-RKMZJ,
4534-WGCIR,3.0
5297-MDOIR,4.0
9522-BNTHX,3.0
5140-FOMCQ,5.0
6685-GBWJZ,5.0
4811-JBUVU,
0137-OCGAB,4.0
9065-ZCPQX,4.0
3627-FHKBK,3.0
6289-CPNLD,5.0
1114-CENIM,4.0
8917-SZTTJ,4.0
5296-BFCYD,4.0
8605-ITULD,4.0
5692-ICXLW,5.0
7878-JGDKK,4.0
3533-UVMOM,5.0
4847-QNOKA,5.0
7410-YTJIK,4.0
9490-DFPMD,4.0
3707-GNWHM,4.0
5480-HPRRX,4.0
4795-UXVCJ,3.0
0689-DSXGL,4.0
6094-ZIVKX,5.0
2538-OIMXF,4.0
1122-YJBCS,3.0
8544-JNBOX,4.0
2903-YYTBW,4.0
4933-IKULF,4.0
8711-LOBKY,5.0
2978-XXSOG,3.0
2794-XIMMO,3.0
6961-MJKBO,
4248-QPAVC,3.0
7758-XKCBS,
2786-GCDPI,3.0
6651-RLGGM,5.0
3932-IJWDZ,3.0
2474-BRUCM,5.0
9518-IMLHK,3.0
0872-CASZJ,
6817-WTYHE,5.0
8868-WOZGU,4.0
0853-NWIFK,3.0
3298-QEICA,5.0
9504-YAZWB,4.0
8229-MYEJZ,5.0
1086-LXKFY,5.0
2990-HWIML,
7880-XSOJX,3.0
2550-QHZGP,5.0
0230-WEQUW,4.0
0071-NDAFP,5.0
6461-PPAXN,5.0
9013-AQORL,3.0
4585-HETAI,3.0
5127-BZENZ,4.0
2904-GGUAZ,
8050-WYBND,5.0
2937-FTHUR,4.0
2316-ESMLS,
3538-WZPHD,3.0
5022-JNQEQ,4.0
5902-WBLSE,3.0
3374-LXDEV,5.0
5760-WRAHC,3.0
5494-HECPR,3.0
8466-PZBLH,
1120-BMWUB,
4992-LTJNE,4.0
1163-ONYEY,4.0
8152-VETUR,4.0
1184-PJVDB,5.0
4450-DLLMH,
0682-USIXD,4.0
3144-KMTWZ,4.0
2362-IBOOY,3.0
9334-GWGOW,4.0
9591-YVTEB,5.0
8263-OKETD,5.0
0621-JFHOL,
4868-AADLV,3.0
6576-FBXOJ,3.0
4475-NVTLU,
5968-VXZLG,5.0
5599-HVLTW,3.0
6463-MVYRY,3.0
4234-XTNEA,3.0
2100-BDNSN,3.0
2592-YKDIF,5.0
6490-FGZAT,5.0
6615-ZGEDR,4.0
0940-OUQEC,4.0
7493-GVFIO,3.0
8050-DVOJX,3.0
3164-AALRN,4.0
0410-IPFTY,
6890-PFRQX,4.0
6719-FGEDO,3.0
3244-CQPHU,4.0
6388-TABGU,3.0
7055-VKGDA,3.0
6772-KSATR,4.0
2402-TAIRZ,3.0
7872-BAAZR,5.0
3351-NQLDI,5.0
2506-TNFCO,4.0
4817-VYYWS,5.0
5339-TJFEK,4.0
0533-UCAAU,4.0
5445-GLVOT,3.0
6145-NNPNO,
5539-TMZLF,
4667-OHGKG,4.0
7336-RLLRH,5.0
3863-IUBJR,3.0
8006-PYCSW,5.0
4640-UHDOS,
8922-NPKBJ,4.0
3957-HHLMR,5.0
0864-FVJNJ,5.0
8751-EDEKA,4.0
9442-JTWDL,3.0
6849-OYAMU,3.0
6139-ZZRBQ,5.0
5028-GZLDO,3.0
9124-LHCJQ,
9659-QEQSY,3.0
5027-XWQHA,
9650-VBUOG,4.0
7629-WIXZF,3.0
3723-BFBGR,3.0
5533-RJFTJ,
8016-NCFVO,4.0
2700-LUEVA,3.0
7581-EBBOU,4.0
1475-VWVDO,4.0
2927-QRRQV,3.0
3472-OAOOR,5.0
1867-TJHTS,4.0
1803-BGNBD,5.0
4990-ALDGW,5.0
9637-CDTKZ,3.0
6352-GIGGQ,4.0
1564-HJUVY,3.0
7074-STDCN,5.0
3904-UKFRE,3.0
8174-LNWMW,3.0
2485-ITVKB,5.0
3814-MLAXC,5.0
9053-EJUNL,4.0
9294-TDIPC,
9210-IAHGH,3.0
5876-QMYLD,
8584-KMVXD,3.0
7868-TMWMZ,3.0
4395-PZMSN,3.0
8400-WZICQ,4.0
4159-NAAIX,3.0
9251-WNSOD,5.0
2545-EBUPK,5.0
8561-NMTBD,3.0
4143-HHPMK,3.0
8042-JVNFH,4.0
2150-OEGBV,4.0
6281-FKEWS,3.0
4391-RESHN,3.0
3806-YAZOV,5.0
0761-AETCS,4.0
4636-OLWOE,3.0
8837-VVWLQ,4.0
3318-NMQXL,3.0
0324-BRPCJ,3.0
2668-TZSPS,5.0
5067-WJEUN,3.0
7636-PEPNS,3.0
5871-DGTXZ,4.0
8760-ZRHKE,3.0
4682-BLBUC,
6173-ITPWD,
2270-CHBFN,
7789-HKSBS,4.0
7647-GYYKX,5.0
5146-CBVOE,4.0
5108-ADXWO,3.0
6711-FLDFB,3.0
8260-NGFNY,
1320-REHCS,
2645-QTLMB,5.0
7005-CYUIL,4.0
4023-RTIQM,4.0
5493-SDRDQ,4.0
9139-WQQDY,3.0
2384-OVPSA,5.0
3173-NVMPX,
2933-FILNV,3.0
7157-SMCFK,3.0
9689-PTNPG,3.0
0668-OGMHD,3.0
2791-SFVEW,4.0
8731-WBBMB,
2908-WGAXL,3.0
7079-QRCBC,4.0
4892-VLANZ,3.0
8148-BPLZQ,5.0
5762-TJXGK,3.0
1215-FIGMP,5.0
4877-EVATK,4.0
7029-RPUAV,5.0
4860-YZGZM,3.0
3384-CTMSF,4.0
6017-PPLPX,3.0
6877-TJMBR,4.0
7529-ZDFXI,
6614-YOLAC,4.0
3049-NDXFL,
7780-OTDSO,5.0
3797-VTIDR,4.0
2754-VDLTR,3.0
9640-ZSLDC,4.0
6549-NNDYT,3.0
9498-FIMXL,5.0
0608-JDVEC,3.0
2361-FJWNO,3.0
5364-EVNIB,
5298-GSTLM,3.0
2466-NEJOJ,3.0
6892-BOGQE,
9057-MSWCO,4.0
7520-HQWJU,4.0
1591-NFNLQ,5.0
4697-LUPSU,5.0
7173-TETGO,3.0
0687-ZVTHB,4.0
6586-MYGKD,4.0
9708-HPXWZ,5.0
3873-NFTGI,3.0
2523-EWWZL,4.0
6286-SUUWT,4.0
3777-XROBG,3.0
7041-TXQJH,3.0
1776-SPBWV,
3967-KXAPS,3.0
9894-QMIMJ,
5522-JBWMO,4.0
7218-HKQFK,3.0
8705-DWKTI,4.0
5564-NEMQO,5.0
0219-YTZUE,4.0
5092-STPKP,
6685-XSHHU,4.0
2292-XQWSV,5.0
1877-HKBQX,5.0
6620-HVDUJ,3.0
1716-LSAMB,5.0
2333-KWEWW,4.0
0177-PXBAT,4.0
7767-UXAGJ,4.0
2800-VEQXM,3.0
4010-YLMVT,5.0
7239-HZZCX,3.0
7233-IOQNP,3.0
6152-ONASV,4.0
6917-YACBP,5.0
0742-LAFQK,4.0
0567-XRHCU,4.0
1306-RPWXZ,5.0
0064-YIJGF,5.0
5278-PNYOX,4.0
7841-FCRQD,5.0
7242-QZLXF,3.0
1626-ERCMM,4.0
5266-PFRQK,4.0
2186-QZEYA,3.0
5730-DBDSI,4.0
3177-LASXD,3.0
8019-ENHXU,4.0
4818-QIUFN,5.0
8189-XRIKE,5.0
5394-MEITZ,3.0
0723-DRCLG,
7893-IXHRQ,3.0
6504-VBLFL,4.0
2481-SBOYW,4.0
2619-WFQWU,3.0
2516-VQRRV,3.0
5627-TVBPP,4.0
5736-YEJAX,4.0
4732-RRJZC,4.0
0345-HKJVM,5.0
5324-KTGCG,5.0
1534-OULXE,4.0
7587-RZNME,4.0
5688-KZTSN,
0020-JDNXP,5.0
0386-CWRGM,3.0
0869-PAPRP,4.0
3612-YUNGG,4.0
0562-KBDVM,4.0
8232-CTLKO,4.0
5701-YVSVF,
3584-WKTTW,
6296-DDOOR,4.0
2195-VVRJF,
4391-LNRXK,3.0
0644-OQMDK,3.0
6710-HSJRD,4.0
4250-WAROZ,5.0
5248-RPYWW,5.0
3617-XLSGQ,3.0
1471-GIQKQ,
1977-STDKI,3.0
7143-BQIBA,3.0
7392-YYPYJ,5.0
3259-FDWOY,4.0
6559-ILWKJ,4.0
1260-TTRXI,3.0
7351-KYHQH,3.0
8975-SKGRX,3.0
7995-ZHHNZ,4.0
4570-QHXHL,4.0
2404-JIBFC,3.0
6112-KTHFQ,4.0
6253-WRFHY,3.0
8845-LWKGE,4.0
8194-PEEBY,4.0
4514-GFCFI,3.0
9244-ZVAPM,
7061-OVMIM,3.0
9396-ZSFLL,4.0
2202-CUYXZ,
8966-SNIZF,4.0
8777-PVYGU,3.0
7527-QNRUS,3.0
7426-WEIJX,3.0
3018-TFTSU,3.0
1215-EXRMO,4.0
0697-ZMSWS,3.0
6131-IUNXN,3.0
4366-CTOUZ,4.0
0378-NHQXU,5.0
3957-LXOLK,3.0
8981-FJGLA,4.0
1855-AGAWH,3.0
9402-CXWPL,4.0
3873-WOSBC,5.0
7632-YUTXB,4.0
1074-AMIOH,3.0
4603-JANFB,
3653-NCRDJ,4.0
1218-VKFPE,4.0
8714-EUHJO,4.0
5949-EBSQK,4.0
8087-LGYHQ,
8292-TYSPY,5.0
6371-NZYEG,4.0
5846-ABOBJ,5.0
3016-KSVCP,4.0
2398-YPMUR,5.0
4674-HGNUA,3.0
0666-UXTJO,
8033-VCZGH,
0967-BMLBD,3.0
2774-LVQUS,3.0
6614-FHDBO,3.0
7623-TRNQN,3.0
1832-PEUTS,5.0
2947-DOMLJ,4.0
5228-EXCET,4.0
3967-VQOGC,5.0
9763-PDTKK,4.0
6543-JXSOO,4.0
0691-IFBQW,4.0
0516-OOHAR,3.0
9560-ARGQJ,4.0
7695-PKLCZ,3.0
9488-FVZCC,4.0
9957-YODKZ,4.0
9392-XBGTD,
3739-YBWAB,3.0
4351-QLCSU,5.0
0187-WZNAB,3.0
0018-NYROU,4.0
8063-GBATB,
6483-OATDN,4.0
3063-QFSZL,
9919-FZDED,
2862-JVEOY,3.0
2091-GPPIQ,5.0
5052-PNLOS,4.0
1265-ZFOSD,3.0
4807-IZYOZ,3.0
0899-LIIBW,3.0
3752-CQSJI,3.0
4765-OXPPD,4.0
3765-JXVKY,4.0
6518-KZXCB,4.0
3807-BPOMJ,3.0
5134-IKDAY,5.0
6100-FJZDG,5.0
9397-TZSHA,3.0
2325-ZUSFD,3.0
0576-WNXXC,4.0
0536-ESJEP,4.0
1423-BMPBQ,4.0
6650-BWFRT,5.0
1431-CYWMH,3.0
9804-ICWBG,5.0
1009-IRMNA,3.0
3941-XTSKM,4.0
6681-ZSEXG,3.0
6877-LGWXO,3.0
2897-DOVND,4.0
3806-DXQOM,4.0
0093-EXYQL,4.0
2811-POVEX,
0042-RLHYP,4.0
8902-ZEOVF,5.0
0264-CNITK,4.0
1925-TIBLE,4.0
6461-SZMCV,3.0
1696-MZVAU,5.0
4237-RLAQD,4.0
1685-BQULA,4.0
8722-PRFDV,
3587-PMCOY,4.0
7926-IJOOU,3.0
0269-XFESX,5.0
3003-CMDUU,3.0
7639-OPLNG,4.0
3452-GWUIN,3.0
7251-LJBQN,3.0
5650-VDUDS,
7542-CYDDM,4.0
6598-KELSS,4.0
4529-CKBCL,4.0
3943-KDREE,4.0
2649-HWLYB,5.0
0235-KGSLC,4.0
2272-UOINI,4.0
3420-ZDBMA,3.0
8746-BFOAJ,4.0
1122-JWTJW,4.0
9091-WTUUY,3.0
2761-OCIAX,5.0
9959-WOFKT,3.0
4102-HLENU,5.0
4472-LVYGI,3.0
7547-EKNFS,4.0
1406-PUQVY,3.0
8644-XLFBW,3.0
1442-OKRJE,5.0
3503-TYDAY,3.0
9378-FXTIZ,3.0
5924-IFQTT,5.0
6701-YVNQG,
6394-HHHZM,
1902-XBTFB,4.0
5439-WIKXB,3.0
9436-ZBZCT,4.0
3858-VOBET,3.0
2985-FMWYF,3.0
1170-SASML,3.0
7024-OHCCK,4.0
9286-BHDQG,5.0
0401-WDBXM,5.0
0829-XXPLX,4.0
2235-ZGKPT,5.0
2361-UPSND,3.0
6372-RFVNS,
7243-LCGGZ,4.0
5673-FSSMF,
4878-BUNFV,3.0
8387-MOJJT,
5913-INRQV,4.0
3511-APPBJ,4.0
7365-BVCJH,4.0
7783-YKGDV,5.0
0447-RXSGD,
5756-JYOJT,3.0
9060-HJJRW,4.0
2607-FBDFF,
5222-IMUKT,3.0
8627-ZYGSZ,3.0
6024-RUGGH,4.0
7077-XJMET,4.0
5593-SUAOO,4.0
5192-EBGOV,
7273-TEFQD,4.0
4484-CGXFK,3.0
1015-OWJKI,3.0
6586-PSJOX,
3923-CSIHK,4.0
2984-TBYKU,3.0
1755-FZQEC,3.0
1078-TDCRN,5.0
3585-YNADK,4.0
3915-ODIYG,4.0
8887-IPQNC,5.0
3348-CFRNX,3.0
3317-HRTNN,5.0
8249-THVEC,4.0
4676-WLUHT,5.0
2207-RYYRL,3.0
9444-JTXHZ,4.0
1757-TCATG,4.0
9500-WBGRP,3.0
2223-GDSHL,3.0
8348-HFYIV,3.0
3927-NLNRY,3.0
4518-FZBSX,4.0
9777-WJJPR,3.0
2181-TIDSV,4.0
5309-TAIKL,4.0
9470-YFUYI,3.0
8109-YUOHE,3.0
2892-GESUL,
2188-SXWVT,4.0
7389-KBFIT,3.0
0197-PNKNK,5.0
2171-UDMFD,4.0
9208-OLGAQ,4.0
0722-TROQR,5.0
6729-GDNGC,4.0
1257-SXUXQ,3.0
9661-JALZV,3.0
2122-SZZZD,
0020-INWCK,3.0
1568-BEKZM,3.0
3934-HXCFZ,3.0
9158-VCTQB,3.0
3224-DFQNQ,3.0
1635-NZATJ,3.0
5996-DAOQL,4.0
9651-GTSAQ,
1452-KIOVK,
7740-BTPUX,3.0
4647-XXZAM,3.0
2931-VUVJN,3.0
1414-YADCW,3.0
8909-BOLNL,4.0
1809-DMJHQ,4.0
7279-NMVJC,5.0
1930-BZLHI,3.0
3541-ZNUHK,5.0
1928-BXYIV,
1209-VFFOC,3.0
9793-WECQC,
1143-NMNQJ,4.0
7517-SAWMO,4.0
7274-RTAPZ,5.0
3327-YBAKM,3.0
2863-IMQDR,
0089-IIQKO,3.0
3487-EARAT,5.0
5206-XZZQI,3.0
3754-DXMRT,5.0
4335-UPJSI,
3780-DDGSE,4.0
9250-WYPLL,5.0
5630-IXDXV,3.0
6847-KJLTS,5.0
4194-FJARJ,3.0
5837-LXSDN,5.0
9190-MFJLN,4.0
5671-RQRLP,4.0
2249-YPRNG,5.0
8272-ONJLV,3.0
4806-KEXQR,3.0
3097-NQYSN,3.0
9494-MRNYX,3.0
4661-NJEUX,4.0
5575-TPIZQ,
6917-IAYHD,3.0
9670-BPNXF,3.0
3572-UOLYZ,
8218-FFJDS,3.0
7130-YXBRO,5.0
4797-AXPXK,3.0
2230-XTUWL,
9904-EHEVJ,3.0
4003-OCTMP,3.0
9348-YVOMK,3.0
2266-SJNAT,3.0
8205-MQUGY,5.0
0420-BWTPW,4.0
2091-RFFBA,5.0
1140-UKVZG,5.0
8311-UEUAB,5.0
4043-MKDTV,5.0
3162-KKZXO,3.0
7905-NJMXS,3.0
0357-NVCRI,4.0
3132-TVFDZ,3.0
8945-MUQUF,5.0
8149-RSOUN,3.0
8550-XSXUQ,4.0
2458-EOMRE,5.0
8619-IJNDK,5.0
5377-NDTOU,5.0
8809-RIHDD,4.0
3717-OFRTN,3.0
7684-XSZIY,5.0
0206-OYVOC,
8035-PWSEV,4.0
3936-QQFLL,5.0
5229-PRWKT,5.0
4373-VVHQL,3.0
0440-EKDCF,5.0
4797-MIWUM,5.0
7139-JZFVG,
7617-EYGLW,3.0
8639-NHQEI,3.0
3671-SHRSP,5.0
1559-DTODC,4.0
2683-BPJSO,3.0
1930-QPBVZ,4.0
1991-VOPLL,4.0
9574-RKJIF,4.0
0379-DJQHR,4.0
9828-AOQLM,
9365-CSLBQ,5.0
0265-EDXBD,4.0
3703-KBKZP,5.0
5624-RYAMH,3.0
1113-IUJYX,4.0
8118-LSUEL,4.0
9555-SAHUZ,4.0
6143-JQKEA,3.0
6034-YMTOB,4.0
4452-QIIEB,3.0
9135-HSWOC,5.0
7399-QHBJS,5.0
1399-OUPJN,5.0
5382-SOYZL,5.0
2877-VDUER,3.0
5188-HGMLP,4.0
4795-WRNVT,5.0
4942-VZZOM,3.0
9281-CEDRU,4.0
6990-YNRIO,4.0
2139-FQHLM,3.0
1266-NZYUI,4.0
1349-WXNGG,4.0
1958-RNRKS,4.0
5743-KHMNA,3.0
3733-LSYCE,5.0
0384-RVBPI,
5707-ZMDJP,4.0
4377-VDHYI,4.0
5995-SNNEW,3.0
0307-BCOPK,4.0
6128-CZOMY,
0471-LVHGK,3.0
8060-HIWJJ,5.0
5312-UXESG,3.0
5536-SLHPM,5.0
9625-RZFUK,3.0
2237-ZFSMY,
8784-CGILN,3.0
5568-DMXZS,3.0
9830-ECLEN,5.0
3393-FMZPV,3.0
0203-HHYIJ,4.0
0373-AIVNJ,3.0
9972-EWRJS,4.0
7517-LDMPS,5.0
5976-JCJRH,4.0
8107-RZLNV,3.0
2038-OEQZH,
5322-TEUJK,3.0
9298-WGMRW,3.0
0289-IVARM,3.0
0068-FIGTF,4.0
1139-WUOAH,4.0
9801-GDWGV,3.0
9018-PCIOK,4.0
8106-GWQOK,5.0
5854-KSRBJ,3.0
0880-TKATG,
6629-CZTTH,3.0
1136-XGEQU,4.0
2245-ADZFJ,4.0
5219-YIPTK,3.0
5934-TSSAU,3.0
0017-IUDMW,3.0
8859-DZTGQ,5.0
2309-OSFEU,5.0
6243-OZGFH,4.0
8259-DZLIZ,4.0
2979-SXESE,4.0
7649-SIJJF,5.0
3244-DCJWY,
7860-KSUGX,4.0
2530-FMFXO,3.0
2831-EBWRN,4.0
9685-WKZGT,4.0
8630-QSGXK,5.0
4184-TJFAN,3.0
0178-CIIKR,4.0
2155-AMQRX,3.0
2865-TCHJW,4.0
0356-ERHVT,3.0
3043-SUDUA,5.0
5845-BZZIB,3.0
1043-YCUTE,4.0
2239-CGBUZ,3.0
2770-NSVDG,4.0
0285-INHLN,3.0
8610-WFCJF,4.0
1373-ORVIZ,5.0
0428-AXXLJ,3.0
7065-YUNRY,3.0
2606-PKWJB,3.0
0585-EGDDA,5.0
6326-MTTXK,4.0
4573-JKNAE,4.0
8169-SAEJD,5.0
1907-UBQFC,3.0
6137-NICCO,
2676-SSLTO,3.0
1932-UEDCX,5.0
8623-ULFNQ,5.0
9330-IJWIO,4.0
8146-QQKZH,3.0
4737-AQCPU,3.0
7595-EHCDL,3.0
1784-BXEFA,3.0
2692-PFYTJ,4.0
8541-QVFKM,3.0
0754-UKWQP,
8728-SKJLR,5.0
5747-PMBSQ,3.0
4706-AXVKM,3.0
1038-ZAGBI,3.0
4918-QLLIW,3.0
2080-GKCWQ,3.0
8444-WRIDW,3.0
9199-PWQVC,
9524-EGPJC,3.0
3094-JOJAI,5.0
3896-ZVNET,
4826-DXMUP,3.0
2612-RRIDN,
1580-BMCMR,3.0
2933-XEUJM,3.0
1771-OADNZ,4.0
1548-FEHVL,
7016-BPGEU,5.0
3536-IQCTX,
3308-DGHKL,5.0
3118-UHVVQ,3.0
7978-DKUQH,
4080-OGPJL,3.0
2162-FRZAA,5.0
9944-AEXBM,
1623-NLDOT,5.0
0486-HECZI,3.0
5216-WASFJ,5.0
2034-GDRCN,4.0
2967-MXRAV,5.0
9254-RBFON,5.0
8610-ZIKJJ,5.0
2446-ZKVAF,3.0
8645-KOMJQ,4.0
0670-KDOMA,3.0
2436-QBZFP,4.0
5780-INQIK,
9919-YLNNG,4.0
9415-ZNBSX,3.0
6908-VVYHM,4.0
5296-PSYVW,4.0
8174-TBVCF,4.0
4720-VSTSI,5.0
6087-YPWHO,3.0
8905-IAZPF,3.0
7294-TMAOP,3.0
6818-DJXAA,4.0
5955-ERIHD,5.0
6646-JPPHA,4.0
4957-SREEC,4.0
5067-XJQFU,5.0
2710-WYVXG,3.0
5288-AHOUP,5.0
1400-WIVLL,5.0
5135-GRQJV,4.0
1104-FEJAM,
6479-SZPLM,4.0
1200-TUZHR,3.0
0336-KXKFK,4.0
3717-LNXKW,3.0
4644-PIZRT,5.0
4049-ZPALD,
5019-GQVCR,4.0
1069-XAIEM,
3195-TQDZX,5.0
8780-IHCRN,
8191-XWSZG,3.0
7901-IIDQV,4.0
0224-RLWWD,4.0
0244-LGNFY,5.0
5028-HTLJB,3.0
4900-MSOMT,5.0
7233-PAHHL,3.0
1196-AMORA,4.0
3890-RTCMS,4.0
4950-BDEUX,4.0
3223-DWFIO,4.0
7268-WNTCP,4.0
4998-IKFSE,5.0
3279-DYZQM,
6008-NAIXK,3.0
6581-NQCBA,3.0
4946-EDSEW,3.0
7078-NVFAM,4.0
5916-QEWPT,3.0
0870-VEMYL,4.0
5366-OBVMR,4.0
7776-QGYJC,
0225-ZORZP,4.0
3946-JEWRQ,3.0
7785-RDVIG,
3230-WYKIR,5.0
2208-MPXIO,5.0
3470-OBUET,4.0
4500-HKANN,3.0
1984-FCOWB,4.0
2359-KLTEK,3.0
2667-WYLWJ,3.0
4415-WNGVR,
8592-PLTMQ,4.0
8062-YBDOE,3.0
5003-OKNNK,3.0
9972-NKTFD,3.0
8844-TONUD,4.0
1702-CCFNJ,4.0
1710-RCXUS,3.0
3026-ATZYV,5.0
1285-OKIPP,
5110-CHOPY,3.0
5917-RYRMG,4.0
5655-JSMZM,3.0
6715-OFDBP,5.0
8917-FAEMR,4.0
7606-BPHHN,5.0
6726-NNFWD,5.0
3398-GCPMU,3.0
8213-TAZPM,3.0
1998-VHJHK,3.0
1265-HVPZB,
9722-UJOJR,3.0
6907-NZZIJ,3.0
6266-QHOJZ,3.0
1866-ZSLJM,
5886-VLQVU,5.0
0114-PEGZZ,4.0
6408-WHTEF,4.0
5091-HFAZW,5.0
4918-FYJNT,3.0
2519-FAKOD,
1796-JANOW,5.0
6278-FEPBZ,5.0
3768-VHXQO,3.0
0750-EKNGL,5.0
4195-PNGZS,4.0
4032-RMHCI,4.0
5014-GSOUQ,4.0
6695-AMZUF,4.0
9415-DPEWS,5.0
7011-CVEUC,3.0
1891-FZYSA,
2379-ENZGV,
3893-JRNFS,3.0
0993-OSGPT,5.0
9381-NDKME,3.0
5609-CEBID,4.0
8285-ABVLB,3.0
5597-GLBUC,4.0
7128-GGCNO,4.0
6599-RCLCJ,3.0
1548-ARAGG,3.0
2988-QRAJY,5.0
8822-KNBHV,3.0
2192-CKRLV,3.0
2725-IWWBA,
2187-PKZAY,5.0
9079-YEXQJ,4.0
7291-CDTMJ,4.0
8111-BKVDS,3.0
4625-EWPTF,4.0
1241-FPMOF,
3506-LCJDC,3.0
7710-JSYOA,4.0
8799-OXZMD,3.0
2867-UIMSS,4.0
8878-HMWBV,3.0
7569-NMZYQ,
1041-RXHRA,5.0
5981-ITEMU,
3407-QGWLG,4.0
4487-ZYJZK,5.0
6896-SRVYQ,3.0
7384-GHBPI,3.0
9732-EQMWY,4.0
9127-QRZMH,
0178-SZBHO,5.0
0125-LZQXK,3.0
6366-ZGQGL,3.0
7000-WCEVQ,3.0
9835-ZIITK,5.0
3926-YZVVX,3.0
8749-JMNKX,4.0
7169-YWAMK,5.0
0841-NULXI,3.0
1767-CJKBA,4.0
0471-ARVMX,4.0
8224-DWCKX,3.0
0708-SJDIS,3.0
8184-WMOFI,5.0
3594-UVONA,5.0
7781-EWARA,5.0
3865-ZFZIB,4.0
2720-FVBQP,4.0
3606-SBKRY,3.0
1567-DSCIC,5.0
0564-MUUQK,3.0
7537-CBQUZ,5.0
2391-IPLOP,
3071-MVJCD,4.0
8468-EHYJA,4.0
0137-UDEUO,4.0
7634-WSWDB,3.0
0699-NDKJM,
3508-CFVZL,3.0
6175-IRFIT,3.0
8168-UQWWF,3.0
1555-DJEQW,4.0
4114-QMKVN,5.0
5203-XEHAX,
6345-HOVES,
7164-BPTUT,
3913-FCUUW,5.0
4208-UFFGW,3.0
5628-RKIFK,5.0
4118-CEVPF,5.0
2558-BUOZZ,5.0
0756-MPZRL,5.0
7153-OANIO,4.0
4137-BTIKL,3.0
7100-FQPRV,3.0
4080-IIARD,3.0
0404-SWRVG,3.0
0257-ZESQC,4.0
6813-GZQCG,3.0
6980-IMXXE,4.0
8128-YVJRG,5.0
4335-BSMJS,3.0
6467-CHFZW,3.0
4503-BDXBD,4.0
8058-DMYRU,4.0
4013-GUXND,4.0
3999-QGRJH,5.0
8262-COGGB,5.0
9840-EFJQB,3.0
0520-FDVVT,
5835-BEQEU,4.0
1839-UMACK,4.0
9507-EXLTT,4.0
9497-QCMMS,
2842-BCQGE,3.0
9861-PDSZP,3.0
7055-HNEOJ,4.0
9039-RBEEE,4.0
2829-HYVZP,4.0
4566-NECEV,3.0
4424-TKOPW,
5965-GGPRW,3.0
6680-WKXRZ,
0516-UXRMT,4.0
9473-CBZOP,3.0
4163-HFTUK,3.0
7341-LXCAF,3.0
2451-YMUXS,3.0
1608-GMEWB,3.0
5919-VCZYM,5.0
5073-WXOYN,4.0
2027-WKXMW,4.0
5277-ZLOOR,5.0
7516-GMHUV,4.0
9027-YFHQJ,5.0
8565-HBFNN,
9692-TUSXH,3.0
6048-UWKAL,3.0
6828-HMKWP,3.0
9961-JBNMK,3.0
6034-ZRYCV,
0440-MOGPM,4.0
4115-NZRKS,4.0
0258-NOKBL,4.0
9168-INPSZ,4.0
6174-NRBTZ,
2520-SGTTA,3.0
5195-KPUNQ,5.0
3352-RICWQ,3.0
1552-AAGRX,3.0
6704-UTUKK,4.0
0036-IHMOT,
9833-TGFHX,3.0
7103-ZGVNT,3.0
7502-BNYGS,3.0
1363-TXLSL,3.0
6572-ADKRS,4.0
4139-DETXS,5.0
3766-EJLFL,4.0
8885-QSQBX,4.0
5550-VFRLC,3.0
4325-NFSKC,4.0
0702-PGIBZ,3.0
7349-ALMUX,5.0
4616-ULAOA,3.0
0794-YVSGE,3.0
3181-VTHOE,4.0
3948-XHGNA,5.0
3235-ETOOB,4.0
9251-AWQGT,3.0
3688-FTHLT,3.0
9964-WBQDJ,
7346-MEDWM,
5380-WJKOV,3.0
2267-FPIMA,3.0
3400-ESFUW,
3223-WZWJM,4.0
9730-DRTMJ,5.0
7586-ZATGZ,5.0
2277-AXSDC,3.0
5115-SQAAU,4.0
1384-RCUXW,5.0
8812-ZRHFP,
3190-FZATL,5.0
1084-UQCHV,5.0
6527-PZFPV,4.0
7746-AWNQW,4.0
2252-ISRNH,3.0
6035-BXTTY,5.0
1730-ZMAME,
8992-JQYUN,3.0
2580-ATZSQ,3.0
9588-YRFHY,4.0
0420-HLGXF,5.0
1415-YFWLT,
3313-QKNKB,4.0
3133-PZNSR,4.0
3836-FZSDJ,5.0
9626-WEQRM,4.0
8185-UPYBR,3.0
2732-ISEZX,5.0
3034-ZBEQN,3.0
0356-OBMAC,3.0
9975-SKRNR,3.0
3682-YEUWS,3.0
0306-JAELE,3.0
2178-PMGCJ,
5294-DMSFH,
3462-BJQQA,
6484-LATFU,4.0
9552-TGUZV,3.0
1194-BHJYC,
8630-FJLIB,3.0
7472-EQOAV,5.0
0248-PGHBZ,3.0
3540-RZJYU,
5804-HYIEZ,3.0
8049-WJCLQ,5.0
2195-ZRVAX,
0221-WMXNQ,4.0
0329-GTIAJ,5.0
5696-CEIQJ,4.0
6982-UQZLY,3.0
8854-CCVSQ,5.0
7696-AMHOD,4.0
8337-MSSXB,3.0
2824-MYYBN,5.0
3349-ANQNH,4.0
5753-QQWPW,5.0
0141-YEAYS,4.0
0685-MLYYM,3.0
0056-EPFBG,3.0
5684-FJVYR,5.0
0673-IGUQO,
1302-UHBDD,3.0
8815-LMFLX,4.0
2137-DQMEV,4.0
2962-XPMCQ,3.0
2724-FJDYW,3.0
8380-PEFPE,5.0
6362-QHAFM,3.0
9850-OWRHQ,5.0
0147-ESWWR,
8882-TLVRW,4.0
1226-JZNKR,4.0
1195-OIYEJ,4.0
9734-YWGEX,
4432-ADRLB,3.0
3274-NSDWE,3.0
9546-KDTRB,3.0
7408-OFWXJ,3.0
6416-JNVRK,4.0
2391-SOORI,
8430-TWCBX,3.0
8752-GHJFU,5.0
6551-ZCOTS,3.0
8606-CIQUL,3.0
8205-OTCHB,5.0
2890-WFBHU,
6701-DHKWQ,
1686-STUHN,
8160-HOWOX,4.0
8631-NBHFZ,4.0
0221-NAUXK,5.0
5151-HQRDG,4.0
4718-DHSMV,5.0
9518-RWHZL,4.0
0303-UNCIP,4.0
5832-XKAES,3.0
5949-XIKAE,3.0
9108-EQPNQ,4.0
5572-ZDXHY,3.0
3629-WEAAM,3.0
6469-QJKZW,3.0
8665-UTDHZ,4.0
9770-KXGQU,3.0
0334-ZFJSR,4.0
1371-WEPDS,5.0
4548-SDBKE,3.0
8988-ECPJR,3.0
6728-DKUCO,4.0
3569-EDBPQ,
6234-RAAPL,3.0
6621-NRZAK,5.0
5898-IGSLP,4.0
0969-RGKCU,3.0
1393-IMKZG,3.0
8543-MSDMF,4.0
3712-PKXZA,3.0
6023-GSSXW,3.0
1403-LKLIK,3.0
5385-SUIRI,5.0
2688-BHGOG,5.0
2729-VNVAP,3.0
7074-IEVOJ,3.0
4079-VTGLK,3.0
0979-PHULV,4.0
6946-LMSQS,5.0
0637-UBJRP,4.0
0727-BMPLR,
0013-MHZWF,4.0
4695-WJZUE,3.0
0621-TSSMU,5.0
5006-MXVRN,5.0
3489-HHPFY,3.0
3996-ZNWYK,3.0
4607-CHPCA,
3506-OVLKD,5.0
7658-UYUQS,4.0
4229-CZMLL,4.0
8234-GSZYK,5.0
1116-FRYVH,3.0
5816-QVHRX,4.0
2324-EFHVG,3.0
4693-VWVBO,
9261-WDCAF,
4223-BKEOR,3.0
9227-UAQFT,3.0
9469-WEJBT,3.0
5649-TJHOV,5.0
5143-WMWOG,3.0
2519-TWKFS,4.0
8966-OIQHG,4.0
7627-JKIAZ,3.0
6794-HKIAJ,5.0
5380-XPJNZ,3.0
6549-YMFAW,
3982-XWFZQ,4.0
9068-FHQHD,4.0
6013-BHCAW,4.0
9435-JMLSX,5.0
3566-VVORZ,4.0
4425-OWHWB,
4759-TRPLW,3.0
4274-OWWYO,3.0
2990-OGYTD,4.0
9878-TNQGW,3.0
2193-SFWQW,4.0
2454-RPBRZ,4.0
7706-YLMQA,3.0
6595-COKXZ,3.0
0854-UYHZD,3.0
0991-BRRFB,
0487-RPVUM,5.0
1930-WNXSB,4.0
8166-ZZTFS,5.0
1740-CSDJP,4.0
1956-YIFGE,4.0
7495-OOKFY,4.0
1502-XFCVR,4.0
0946-CLJTI,4.0
0988-AADSA,
4290-BSXUX,4.0
6618-RYATB,3.0
9129-UXERG,3.0
6900-RBKER,3.0
8099-MZPUJ,3.0
6625-IUTTT,3.0
7821-DPRQE,4.0
3422-LYEPQ,3.0
1845-ZLLIG,3.0
0725-CXOTM,5.0
2135-RXIHG,4.0
9420-LOJKX,3.0
3884-HCSWG,5.0
2474-LCNUE,
6481-LXPWL,3.0
6861-OKBCE,3.0
6339-RZCBJ,4.0
7206-PQBBZ,4.0
2476-YGEFM,3.0
7690-KPNCU,3.0
3605-JISKB,5.0
4937-QPZPO,3.0
4512-ZUIYL,3.0
7998-ZLXWN,5.0
1751-NCDLI,4.0
3714-NTNFO,4.0
0817-HSUSE,4.0
5433-KYGHE,5.0
4513-CXYIX,3.0
5446-DKWYW,4.0
7823-JSOAG,
7284-ZZLOH,4.0
3496-LFSZU,3.0
5456-ITGIC,5.0
8433-WPJTV,3.0
5038-ETMLM,4.0
2931-SVLTV,3.0
3498-LZGQZ,3.0
2885-HIJDH,3.0
1439-LCGVL,3.0
0787-LHDYT,4.0
6941-PMGEP,3.0
1169-SAOCL,
2535-PBCGC,4.0
7551-JOHTI,3.0
2018-QKYGT,4.0
4659-NZRUF,
0621-HJWXJ,4.0
4536-PLEQY,3.0
6766-HFKLA,3.0
5197-LQXXH,4.0
3315-IKYZQ,4.0
6507-ZJSUR,4.0
7188-CBBBA,
2682-KEVRP,
3460-TJBWI,
5565-FILXA,4.0
9274-UARKJ,
7426-RHZGU,3.0
5103-MHMHY,4.0
4232-JGKIY,3.0
4398-HSCJH,
3345-JHUEO,3.0
5502-RLUYV,
6134-KWTBV,3.0
1841-YSJGV,3.0
0411-EZJZE,
9734-UYXQI,3.0
5724-BIDBU,
6844-DZKRF,4.0
6048-NJXHX,5.0
4836-WNFNO,5.0
8785-CJSHH,3.0
2001-EWBQU,
1536-YHDOE,3.0
7550-WIQVA,5.0
9500-IWPXQ,3.0
4994-OBRSZ,5.0
9842-EFSYY,4.0
7560-QJAVJ,3.0
6331-EWIEB,3.0
8617-ENBDS,3.0
8022-BECSI,4.0
5842-POCOP,3.0
1925-GMVBW,4.0
6203-HBZPA,4.0
2988-GBIVW,3.0
8695-ARGXZ,5.0
7799-LGRDP,3.0
6120-RJKLU,4.0
1935-IMVBB,
9638-JIQYA,4.0
4140-MUHUG,4.0
5453-AXEPF,3.0
1172-VIYBP,3.0
7567-ECMCM,3.0
2522-AHJXR,3.0
3423-HHXAO,4.0
2856-NNASM,3.0
6032-KRXXO,3.0
2585-KTFRE,5.0
0887-WBJVH,3.0
5821-MMEIL,3.0
0531-XBKMM,5.0
8166-ORCHU,4.0
5915-DGNVC,4.0
4612-SSVHJ,
8775-LHDJH,3.0
2267-WTPYD,5.0
0628-CNQRM,3.0
3796-ENZGF,3.0
2207-NHRJK,5.0
7338-ERIVA,4.0
0541-FITGH,4.0
2111-DWYHN,
1763-WQFUK,3.0
6818-WOBHJ,3.0
8313-NDOIA,
7426-GSWPO,3.0
5543-QDCRY,5.0
1320-HTRDR,
6583-KQJLK,5.0
8690-ZVLCL,3.0
3205-MXZRA,3.0
3724-UCSHY,3.0
8065-YKXKD,
1064-FBXNK,
5047-LHVLY,5.0
3407-JMJQQ,3.0
3319-DWOEP,4.0
3079-BCHLN,3.0
7450-NWRTR,3.0
3374-TTZTK,4.0
5198-HQAEN,3.0
8563-IIOXK,4.0
2043-WVTQJ,5.0
2038-YSEZE,
8544-GOQSH,3.0
1150-FTQGN,3.0
7054-DMVAS,3.0
6116-RFVHN,3.0
1635-FJFCC,3.0
5712-VBOXD,3.0
5310-NOOVA,4.0
0447-BEMNG,3.0
5445-PZWGX,3.0
9209-NWPGU,3.0
9391-YZEJW,3.0
4323-OHFOW,3.0
3002-WQZWT,4.0
8976-OQHGT,
2519-LBNQL,3.0
0219-QAERP,4.0
6688-UZPWD,
5095-AESKG,4.0
6723-CEGQI,5.0
3798-EPWRR,3.0
3865-YIOTT,4.0
2074-GUHPQ,
4763-PGDPO,5.0
9194-GFVOI,3.0
6350-XFYGW,5.0
2320-TZRRH,
6778-EICRF,
9593-CVZKR,3.0
8690-UPCZI,3.0
7854-EDSSA,3.0
1813-JLKWR,3.0
3186-BAXNB,5.0
5135-RDDQL,3.0
2452-SNHFZ,5.0
1599-MMYRQ,4.0
8295-KMENE,3.0
7359-PTSXY,5.0
5345-BMKWB,3.0
0731-EBJQB,3.0
5360-XGYAZ,
2834-JKOOW,5.0
4670-TABXH,4.0
5129-JLPIS,4.0
7508-SMHXL,4.0
5405-ZMYXQ,5.0
6563-VRERX,4.0
3249-VHRIP,3.0
4704-ERYFC,3.0
0547-HURJB,3.0
2211-RMNHO,3.0
6682-VCIXC,5.0
7964-ZRKKG,4.0
0980-FEXWF,3.0
3096-GKWEB,5.0
9743-DQKQW,3.0
4897-QSUYC,3.0
4006-HKYHO,5.0
1431-AIDJQ,3.0
1552-TKMXS,4.0
6635-MYYYZ,4.0
9040-KZVWO,3.0
4718-WXBGI,3.0
2294-SALNE,4.0
4881-GQJTW,5.0
0839-JTCUD,3.0
4680-KUTAJ,4.0
4612-THJBS,5.0
6834-NXDCA,3.0
7661-CPURM,3.0
9067-SQTNS,5.0
0696-UKTOX,5.0
3275-RHRNE,4.0
3258-SANFR,
9845-QOMAD,3.0
6821-JPCDC,3.0
0913-XWSCN,3.0
7854-EKTJL,3.0
3090-LETTY,
2725-TTRIQ,5.0
7703-ZEKEF,3.0
8220-OCUFY,
1591-MQJTP,4.0
0224-NIJLP,4.0
3908-MKIMJ,3.0
0485-ZBSLN,3.0
2308-STERM,4.0
4081-DYXAV,5.0
4890-VMUAV,5.0
7459-RRWQZ,3.0
5510-BOIUJ,
0295-PPHDO,
1455-ESIQH,3.0
0519-DRGTI,4.0
8788-DOXSU,4.0
3325-FUYCG,5.0
6519-CFDBX,3.0
5799-JRCZO,5.0
0080-EMYVY,4.0
2259-OUUSZ,4.0
8755-IWJHN,3.0
2056-EVGZL,3.0
6285-FTQBF,4.0
3086-RUCRN,4.0
7964-VEXDG,3.0
4282-ACRXS,5.0
4237-CLSMM,4.0
5663-QBGIS,4.0
6762-QVYJO,3.0
0643-OKLRP,3.0
7845-URHJN,
5318-IXUZF,3.0
0902-XKXPN,3.0
3154-HMWUU,3.0
7595-EUIVN,
3771-PZOBW,4.0
5346-BZCHP,4.0
4753-PADAS,3.0
2804-ETQDK,4.0
6907-FLBER,3.0
9547-ITEFG,5.0
9330-VOFSZ,5.0
9916-AYHTC,3.0
0868-VJRDR,5.0
4531-AUZNK,4.0
1449-XQEMT,3.0
4381-MHQDC,5.0
7666-WKRON,3.0
4824-GUCBY,5.0
8631-XVRZL,3.0
7531-GQHME,4.0
8868-GAGIO,
9361-YNQWJ,3.0
5143-EGQFK,4.0
6502-HCJTI,3.0
2050-ONYDQ,5.0
7931-PXHFC,5.0
7018-WBJNK,3.0
0812-WUPTB,
4567-AKPIA,5.0
8189-HBVRW,3.0
9574-BOSMD,3.0
3402-XRIUO,3.0
8327-LZKAS,5.0
7956-XQWGU,3.0
5955-EPOAZ,3.0
1304-SEGFY,5.0
9214-EKVXR,4.0
8875-AKBYH,
6569-KTMDU,4.0
2888-ADFAO,
7434-SHXLS,5.0
2187-LZGPL,3.0
8316-BBQAY,4.0
0265-PSUAE,4.0
4123-FCVCB,5.0
6734-GMPVK,4.0
8950-MTZNV,4.0
9003-CPATH,3.0
8623-TMRBY,3.0
6408-OTUBZ,3.0
8182-PNAGI,5.0
3494-JCHRQ,4.0
8580-QVLOC,3.0
0017-DINOC,3.0
7005-CCBKV,3.0
7729-XBTWX,3.0
8059-UDZFY,4.0
7634-HLQJR,3.0
4854-SSLTN,3.0
1834-ABKHQ,4.0
1092-GANHU,4.0
1698-XFZCI,4.0
1498-NHTLT,3.0
1391-UBDAR,3.0
7470-MCQTK,5.0
4568-KNYWR,5.0
8908-NMQTX,5.0
3785-NRHYR,5.0
3813-DHBBB,4.0
0927-LCSMG,5.0
6103-QCKFX,
5276-KQWHG,
0836-SEYLU,3.0
0578-SKVMF,4.0
1574-DYCWE,4.0
6179-GJPSO,3.0
8938-UMKPI,4.0
7481-ATQQS,5.0
5090-EMGTC,5.0
3212-KXOCR,4.0
8150-QUDFX,3.0
2144-ESWKO,3.0
4827-USJHP,
0997-YTLNY,3.0
9398-MMQTO,4.0
2160-GPFXD,5.0
7379-FNIUJ,4.0
3071-VBYPO,3.0
4742-TXUEX,4.0
0096-BXERS,
7754-IXRMC,4.0
9191-MYQKX,3.0
4819-HJPIW,3.0
5126-RCXYW,4.0
5125-CNDSP,4.0
0404-AHASP,3.0
3563-SVYLG,3.0
2801-NISEI,4.0
1336-EZFZY,3.0
7108-DGVUU,4.0
9137-NOQKA,3.0
4646-QZXTF,5.0
9286-DOJGF,5.0
5846-NEQVZ,4.0
6664-FPDAC,5.0
3312-UUMZW,4.0
5136-GFPMB,5.0
7255-SSFBC,3.0
1941-HOSAM,4.0
8979-CAMGB,4.0
5600-PDUJF,4.0
5046-NUHWD,
5857-XRECV,3.0
0526-SXDJP,3.0
1077-HUUJM,4.0
6122-EFVKN,3.0
5274-XHAKY,3.0
2595-KIWPV,4.0
8873-TMKGR,4.0
7638-QVMVY,4.0
5590-BYNII,3.0
1768-HNVGJ,5.0
0616-ATFGB,
0936-NQLJU,
8469-SNFFH,5.0
8515-OCTJS,4.0
3797-FKOGQ,3.0
9084-OAYKL,4.0
9958-MEKUC,
5445-UTODQ,4.0
2930-UOTMB,5.0
2472-OVKUP,
8405-IGQFX,3.0
0484-JPBRU,3.0
0181-RITDD,3.0
0377-JBKKT,
8972-HJWNV,3.0
6131-FOYAS,3.0
5393-HJZSM,3.0
6848-HJTXY,3.0
8474-UMLNT,4.0
3675-YDUPJ,4.0
0818-OCPZO,4.0
4815-GBTCD,3.0
5338-YHWYT,3.0
6284-AHOOQ,4.0
1174-FGIFN,5.0
9691-HKOVS,3.0
4365-MSDYN,3.0
0927-CNGRH,4.0
8082-GHXOP,5.0
3082-YVEKW,3.0
8878-RYUKI,3.0
0963-ZBDRN,3.0
6733-LRIZX,4.0
9369-XFEHK,3.0
7025-WCBNE,3.0
5931-FLJJF,4.0
5481-NTDOH,4.0
4587-NUKOX,
3282-ZISZV,5.0
8441-SHIPE,4.0
3878-AVSOQ,3.0
3512-IZIKN,3.0
2599-CZABP,4.0
4587-VVTOX,4.0
1465-WCZVT,
1545-ACTAS,4.0
0218-QNVAS,5.0
4072-IPYLT,4.0
4211-MMAZN,3.0
0402-OAMEN,4.0
9153-BTBVV,3.0
7989-VCQOH,
5168-MQQCA,
6786-OBWQR,3.0
5231-FIQPA,3.0
6776-TLWOI,
3703-VAVCL,4.0
4393-RYCRE,3.0
2013-SGDXK,4.0
8332-OSJDW,4.0
7182-OVLBJ,5.0
3774-VBNXY,5.0
3724-BSCVH,3.0
9169-BSVIN,3.0
6164-HXUGH,4.0
6088-BXMRG,3.0
9944-HKVVB,3.0
3727-OVPRY,4.0
3320-VEOYC,3.0
1470-PSXNM,5.0
6543-XRMYR,5.0
5044-XDPYX,4.0
5380-AFSSK,4.0
6410-LEFEN,3.0
6476-YHMGA,3.0
2282-YGNOR,
2880-FPNAE,5.0
1396-QWFBJ,3.0
1029-QFBEN,5.0
1761-AEZZR,
5930-GBIWP,3.0
7109-CQYUZ,3.0
3627-FCRDW,5.0
3518-PZXZQ,
5802-ADBRC,3.0
7049-GKVZY,5.0
1833-VGRUM,4.0
8125-QPFJD,4.0
0619-OLYUR,
3120-FAZKD,3.0
6474-FVJLC,5.0
4163-NCJAK,
9432-RUVSL,
3427-GGZZI,
7996-BPXHY,3.0
1247-QBVSH,3.0
0442-TDYUO,5.0
0303-WMMRN,4.0
4652-NNHNY,4.0
1465-VINDH,4.0
2372-HWUHI,4.0
4871-JTKJF,4.0
4726-DLWQN,3.0
5641-DMBFJ,3.0
6259-WJQLC,
6341-JVQGF,4.0
7975-TZMLR,4.0
2205-YMZZJ,5.0
9027-TMATR,4.0
8696-JKZNU,4.0
2790-XUYMV,3.0
2027-FECZV,5.0
4828-FAZPK,3.0
6615-NGGZJ,4.0
9600-UDOPK,3.0
1135-HIORI,4.0
0640-YJTPY,3.0
5287-QWLKY,4.0
3115-JPJDD,5.0
5542-TBBWB,3.0
5312-IRCFR,3.0
9589-ABEPT,4.0
0396-YCHWO,3.0
6469-MRVET,3.0
2065-MMKGR,3.0
0875-CABNR,4.0
1142-WACZW,4.0
1329-VHWNP,3.0
7140-ADSMJ,4.0
5934-RMPOV,5.0
1460-UZPRJ,
4030-VPZBD,4.0
8314-DPQHL,3.0
9236-NDUCW,3.0
8957-THMOA,5.0
4853-RULSV,3.0
6029-CSMJE,3.0
0795-LAFGP,4.0
0772-GYEQQ,5.0
3523-QRQLL,4.0
4701-LKOZD,5.0
8823-RLPWL,
7693-QPEFS,
4526-EXKKN,5.0
1915-IOFGU,
6821-BUXUX,
9600-NAXZN,5.0
8849-GYOKR,4.0
3863-QSTYI,
0016-QLJIS,4.0
0506-YLVKJ,3.0
6872-HXFNF,4.0
1202-KKGFU,3.0
7683-CBDKJ,4.0
7421-ZLUPA,3.0
9430-NKQLY,3.0
5686-CMAWK,3.0
9101-NTIXF,4.0
1271-UODNO,5.0
6351-SCJKT,3.0
1251-STYSZ,4.0
9031-ZVQPT,5.0
4476-OSWTN,3.0
7940-UQQUG,
0939-EREMR,3.0
2397-BRLOM,3.0
8824-RWFXJ,3.0
4678-DVQEO,5.0
7321-KKSDU,3.0
6698-OXETB,
9178-JHUVJ,4.0
2260-USTRB,4.0
0048-LUMLS,5.0
7435-ZNUYY,
4849-PYRLQ,
4962-CHQPW,
5119-KEPFY,3.0
2697-NQBPF,5.0
6258-NGCNG,3.0
8775-CEBBJ,5.0
8108-UXRQN,3.0
6100-QQHEB,3.0
0487-CRLZF,
9135-MGVPY,3.0
4415-IJZTP,5.0
1750-CSKKM,4.0
4186-ZBUEW,5.0
2123-VSCOT,4.0
2858-MOFSQ,3.0
3365-SAIGS,4.0
1187-WILMM,3.0
5803-NQJZO,3.0
7508-DQAKK,3.0
3647-GMGDH,5.0
3097-FQTVJ,3.0
7901-TBKJX,
6543-CPZMK,5.0
5542-NKVRU,3.0
2233-FAGXV,3.0
3316-UWXUY,4.0
7159-NOKYQ,5.0
0613-WUXUM,3.0
8069-RHUXK,3.0
4881-JVQOD,4.0
5879-HMFFH,3.0
4706-DGAHW,4.0
8707-HOEDG,4.0
9695-IDRZR,4.0
3567-PQTSO,3.0
5956-YHHRX,3.0
3486-KHMLI,3.0
1272-ILHFG,5.0
7205-BAIAD,3.0
6671-NGWON,5.0
7629-WFGLW,5.0
2225-ZRGSG,5.0
9606-PBKBQ,3.0
9220-CXRSC,4.0
5373-SFODM,3.0
1980-KXVPM,5.0
8990-YOZLV,5.0
9046-JBFWA,4.0
0928-XUTSN,4.0
4254-QPEDE,4.0
3074-GQWYX,5.0
7921-LMDFQ,3.0
0867-LDTTC,5.0
2961-VNFKL,5.0
5561-NWEVX,5.0
6617-WLBQC,4.0
2805-AUFQN,5.0
9139-TWBAS,4.0
0895-UADGO,4.0
0434-CSFON,4.0
4989-LIXVT,3.0
8071-SBTRN,3.0
5917-HBSDW,3.0
8413-VONUO,
5138-WVKYJ,
0529-ONKER,4.0
4132-KALRO,5.0
3410-YOQBQ,3.0
8120-JDCAM,4.0
8203-XJZRC,3.0
2718-YSKCS,4.0
4609-KNNWG,
0536-BGFMZ,3.0
6743-HHQPF,3.0
4329-YPDDQ,3.0
2432-TFSMK,
6172-FECYY,3.0
9097-ZUBYC,3.0
3638-DIMPH,4.0
3389-YGYAI,4.0
2565-JSLRY,3.0
0325-XBFAC,5.0
6434-TTGJP,
1432-FPAXX,5.0
7251-XFOIL,4.0
1708-PBBOA,5.0
2640-LYMOV,5.0
7924-GJZFI,3.0
0064-SUDOG,4.0
4016-BJKTZ,4.0
8739-XNIKG,5.0
6551-GNYDG,3.0
9142-KZXOP,4.0
5524-KHNJP,4.0
5302-BDJNT,4.0
8070-AAWZP,5.0
9647-ERGBE,3.0
0195-IESCP,4.0
8945-GRKHX,4.0
8984-EYLLL,3.0
5304-EFJLP,5.0
5233-AOZUF,3.0
1899-VXWXM,4.0
1602-IJQQE,4.0
1383-EZRWL,4.0
4608-LCIMN,4.0
2277-BKJKN,4.0
5093-FEGLU,5.0
2070-FNEXE,3.0
4980-URKXC,4.0
9565-AXSMR,5.0
7696-CFTAT,5.0
8485-GJCDN,4.0
9289-LBQVU,3.0
6486-LHTMA,3.0
7967-HYCDE,5.0
3902-MIVLE,
4749-VFKVB,3.0
3030-YDNRM,5.0
6629-LADHQ,
2325-NBPZG,4.0
7137-NAXML,3.0
8614-VGMMV,3.0
2004-OCQXK,5.0
3811-VBYBZ,5.0
0599-XNYDO,
8835-VSDSE,3.0
8257-RZAHR,3.0
7244-QWYHG,4.0
8456-QDAVC,
6250-CGGUN,
7568-PODML,
1600-DILPE,4.0
9365-SRSZE,3.0
2001-MCUUW,3.0
2419-FSORS,3.0
1768-ZAIFU,4.0
4641-FROLU,
0549-CYCQN,5.0
3640-PHQXK,5.0
7950-XWOVN,4.0
2862-PFNIK,3.0
3138-BKYAV,3.0
5685-IIXLY,5.0
3679-XASPY,4.0
7296-PIXQY,
4510-HIMLV,4.0
4018-PPNDW,3.0
2351-RRBUE,5.0
7402-PWYJJ,5.0
1216-BGTSP,3.0
8268-YDIXR,3.0
1223-UNPKS,4.0
5357-TZHPP,3.0
0626-QXNGV,
6661-HBGWL,4.0
4422-QVIJA,3.0
6087-MVHJH,4.0
6211-WHMYA,3.0
5334-AFQJB,4.0
7817-BOQPW,5.0
9909-DFRJA,4.0
4735-ASGMA,4.0
2636-OHFMN,
9053-JZFKV,3.0
8398-TBIYD,3.0
2817-NTQDO,3.0
8705-WZCYL,3.0
3719-TDVQB,4.0
0907-HQNTS,3.0
6848-YLDFR,3.0
1304-NECVQ,4.0
2277-VWCNI,
9581-GVBXT,5.0
0135-NMXAP,
8741-LQOBK,5.0
4767-HZZHQ,3.0
9648-BCHKM,4.0
5334-JLAXU,3.0
1666-JXLKU,3.0
6631-HMANX,3.0
2612-RANWT,3.0
2082-CEFLT,5.0
7016-NVRIC,5.0
3308-JSGML,4.0
1576-PFZIW,3.0
9620-ENEJV,3.0
5876-HZVZM,
2659-VXMWZ,4.0
6838-YAUVY,3.0
5060-TQUQN,3.0
1222-LRYKO,4.0
8818-DOPVL,4.0
7156-MHUGY,4.0
1299-AURJA,
0454-OKRCT,4.0
1493-AMTIE,4.0
7463-IFMQU,5.0
6339-YPSAH,4.0
7321-VGNKU,3.0
2586-CWXVV,4.0
7013-PSXHK,5.0
4183-WCSEP,3.0
2817-LVCPP,
0744-BIKKF,4.0
4770-QAZXN,5.0
7253-UVNDW,
2974-GGUXS,5.0
6980-CDGFC,3.0
3916-NRPAP,
5392-AKEMH,4.0
3005-NFMTA,5.0
9408-HRXRK,3.0
2696-RZVZW,5.0
5294-CDGWY,3.0
2788-CJQAQ,4.0
7009-LGECI,4.0
2782-LFZVW,4.0
8718-PTMEZ,3.0
8224-UAXBZ,4.0
8286-AFUYI,4.0
0804-XBFBV,4.0
0015-UOCOJ,5.0
4139-JPIAM,3.0
2985-JUUBZ,5.0
1596-OQSPS,3.0
5174-RNGBH,4.0
6855-VLGOS,3.0
9767-FFLEM,3.0
5443-SCMKX,5.0
8565-CLBZW,4.0
5167-ZFFMM,5.0
1685-VAYJF,3.0
3520-FJGCV,
0825-CPPQH,5.0
2954-PIBKO,3.0
8200-LGKSR,3.0
7812-FZHPE,5.0
3420-YJLQT,3.0
6097-EQISJ,3.0
1087-UDSIH,3.0
8985-OOPOS,4.0
5899-MQZZL,3.0
2450-ZKEED,4.0
4925-LMHOK,3.0
3422-GALYP,3.0
2796-NNUFI,5.0
7598-UAASY,4.0
4847-TAJYI,3.0
3428-XZMAZ,3.0
5461-QKNTN,3.0
8785-EPNCG,4.0
8229-BUJHX,4.0
8204-YJCLA,4.0
2303-PJYHN,4.0
1862-QRWPE,3.0
0489-WMEMG,4.0
7564-GHCVB,4.0
6857-TKDJV,4.0
0877-SDMBN,3.0
3082-WQRVY,5.0
3951-NJCVI,3.0
8318-LCNBW,4.0
0691-JVSYA,4.0
8699-ASUFO,5.0
6339-TBELP,4.0
5201-CBWYG,4.0
5624-BQSSA,3.0
9360-AHGNL,
0887-HJGAR,5.0
2430-RRYUW,5.0
5899-OUVKV,3.0
3292-PBZEJ,4.0
0623-IIHUG,5.0
9700-ISPUP,5.0
8738-JOKAR,4.0
5716-EZXZN,3.0
8294-UIMBA,5.0
6959-GQEGV,
6765-MBQNU,
6614-YWYSC,5.0
1452-XRSJV,4.0
2958-NHPPS,5.0
2068-WWXQZ,4.0
5424-RLQLC,5.0
2673-CXQEU,5.0
2675-DHUTR,
4710-FDUIZ,
3717-FDJFU,4.0
4301-VVZKA,4.0
0328-GRPMV,
1945-XISKS,3.0
2233-TXSIU,4.0
8208-EUMTE,5.0
6692-UDPJC,4.0
8821-XNHVZ,4.0
0956-SYCWG,4.0
7107-UBYKY,3.0
4806-HIPDW,4.0
1837-YQUCE,
5382-TEMLV,3.0
3500-RMZLT,4.0
9095-HFAFX,4.0
8969-PRHFK,4.0
2465-BLLEU,3.0
7601-WFVZV,4.0
3886-CERTZ,3.0
3001-UNBTL,4.0
8535-SFUTN,5.0
1194-HVAIF,
2325-WINES,3.0
2480-JZOSN,
7054-ENNGU,4.0
5546-QUERU,
6198-PNNSZ,
6331-LWDTQ,
7552-KEYGT,3.0
5215-LNLDJ,
0565-IYCGT,3.0
1612-EOHDH,4.0
3932-CMDTD,5.0
7109-MFBYV,3.0
8181-YHCMF,5.0
0847-HGRML,4.0
0237-YFUTL,4.0
1894-IGFSG,4.0
6974-DAFLI,3.0
5519-TEEUH,
4931-TRZWN,3.0
0247-SLUJI,5.0
2845-AFFTX,4.0
7503-MIOGA,4.0
6599-CEBNN,3.0
7964-YESJC,4.0
1194-SPVSP,5.0
5313-FPXWG,4.0
0536-ACXIP,4.0
7596-ZYWBB,3.0
1293-HHSHJ,5.0
0968-GSIKN,
3845-FXCYS,4.0
2302-ANTDP,5.0
0363-QJVFX,3.0
2876-VBBBL,4.0
7267-FRMJW,3.0
0378-CJKPV,4.0
5386-THSLQ,4.0
6288-CHQJB,4.0
8138-EALND,3.0
0876-WDUUZ,3.0
2085-BOJKI,3.0
6168-WFVVF,4.0
2273-QCKXA,4.0
6777-TGHTM,4.0
5696-EXCYS,5.0
6900-PXRMS,3.0
4065-JJAVA,4.0
0422-OHQHQ,3.0
9339-FIIJL,5.0
0439-IFYUN,5.0
0343-QLUZP,3.0
2720-WGKHP,
9795-NREXC,3.0
7576-JMYWV,5.0
7311-MQJCH,3.0
7113-HIPFI,
8242-PDSGJ,3.0
4283-FUTGF,
1035-IPQPU,4.0
4374-YMUSQ,4.0
1960-UOTYM,4.0
6910-HADCM,4.0
0305-SQECB,5.0
8434-VGEQQ,5.0
0519-XUZJU,3.0
4625-XMOYM,3.0
3887-PBQAO,4.0
1309-XGFSN,
0581-BXBUB,5.0
2428-HYUNX,3.0
2956-GGUCQ,4.0
0603-OLQDC,4.0
6839-ITVZJ,4.0
6578-KRMAW,4.0
6825-UYPFK,5.0
8158-WPEZG,5.0
0655-YDGFJ,4.0
0415-MOSGF,4.0
1564-NTYXF,3.0
1842-EZJMK,4.0
1227-UDMZR,5.0
4813-HQMGZ,3.0
3038-PQIUY,4.0
9965-YOKZB,4.0
5515-RUGKN,4.0
5678-VFNEQ,5.0
1166-PQLGG,3.0
8165-CBKXO,5.0
9142-XMYJH,4.0
6689-TCZHQ,3.0
0784-ZQJZX,4.0
5285-MVEHD,3.0
8931-GJJIQ,4.0
5387-ASZNZ,
2027-OAQQC,4.0
5702-SKUOB,3.0
1237-WIYYZ,3.0
1769-GRUIK,4.0
7691-XVTZH,4.0
1492-KGETH,5.0
5639-NTUPK,4.0
1792-UXAFY,
2995-YWTCD,5.0
0923-PNFUB,4.0
6885-PKOAM,5.0
5025-GOOKI,3.0
6537-OTKMY,4.0
3331-HQDTW,5.0
2908-ZTPNF,5.0
4581-LNWUM,3.0
0100-DUVFC,5.0
7075-BNDVQ,4.0
1816-FLZDK,3.0
8086-OVPWV,4.0
5349-IECLD,5.0
2568-OIADY,5.0
2011-TRQYE,4.0
5306-BVTKJ,4.0
8735-IJJEG,4.0
4465-VDKIQ,4.0
5495-GPSRW,4.0
9405-GPBBG,4.0
2091-MJTFX,4.0
1265-BCFEO,4.0
4102-OQUPX,3.0
5176-LDKUH,4.0
1468-DEFNC,5.0
4137-JOPHL,
5054-IEXZT,3.0
9402-ROUMJ,5.0
1304-BCCFO,4.0
1555-HAPSU,3.0
6010-DDPPW,5.0
5666-CYCYZ,3.0
9093-FPDLG,
0739-UUAJR,3.0
9617-UDPEU,3.0
9114-DPSIA,4.0
3199-NPKCN,4.0
2138-VFAPZ,4.0
3823-KYNQY,5.0
9242-TKFSV,3.0
3329-WDIOK,3.0
6510-UPNKS,3.0
6429-SHBCB,3.0
7609-NRNCA,5.0
4835-YSJMR,3.0
5067-DGXLL,
2205-LPVGL,4.0
